Barcode,anatomy
AAACAAGTATCTCCCA-1,cortex
AAACAGAGCGACTCCT-1,cortex
AAACATTTCCCGGATT-1,cortex
AAACCCGAACGAAATC-1,cortex
AAACCGGGTAGGTACC-1,
AAACCGTTCGTCCAGG-1,hypothalamus
AAACCTAAGCAGCCGG-1,cortex
AAACGAGACGGTTGAT-1,caudate_putamen
AAACGGGCGTACGGGT-1,cortex
AAACTCGTGATATAAG-1,cortex
AAACTGCTGGCTCCAA-1,globus_pallidus
AAAGACCCAAGTCGCG-1,cortex
AAAGCTTGCCTACATA-1,cortex
AAAGGCTACGGACCAT-1,hypothalamus
AAAGGCTCTCGCGCCG-1,hypothalamus
AAAGGGATGTAGCAAG-1,caudate_putamen
AAAGGGCAGCTTGAAT-1,
AAAGTAGCATTGCTCA-1,
AAAGTCACTGATGTAA-1,cortex
AAAGTGTGATTTATCT-1,caudate_putamen
AAAGTTGACTCCCGTA-1,caudate_putamen
AAATAACCATACGGGA-1,cortex
AAATAAGGTAGTGCCC-1,cortex
AAATACCTATAAGCAT-1,globus_pallidus
AAATAGCTTAGACTTT-1,cortex
AAATAGGGTGCTATTG-1,cortex
AAATCCGATACACGCC-1,cortex
AAATCGTGTACCACAA-1,thalamus
AAATCTAGCCCTGCTA-1,cortex
AAATGATTCGATCAGC-1,cortex
AAATGCTCGTTACGTT-1,
AAATGGCATGTCTTGT-1,cortex
AAATGGTCAATGTGCC-1,
AAATTAACGGGTAGCT-1,plexus
AAATTACACGACTCTG-1,cortex
AAATTACCTATCGATG-1,cortex
AAATTCCAGGTCCAAA-1,cortex
AAATTGATAGTCCTTT-1,
AAATTTGCGGGTGTGG-1,thalamus
AACAACTGGTAGTTGC-1,
AACAATACATTGTCGA-1,hypothalamus
AACAATTACTCTACGC-1,
AACACACGCTCGCCGC-1,caudate_putamen
AACACGACTGTACTGA-1,cortex
AACAGCTGTGTGGCAA-1,
AACAGGAAATCGAATA-1,cortex
AACAGGATGGGCCGCG-1,
AACAGGTAGTATGGAT-1,cortex
AACATATCAACTGGTG-1,cortex
AACATTGTGACTCGAG-1,
AACCAAGACTTCTCTG-1,
AACCATGGGATCGCTA-1,
AACCCAGAGACGGAGA-1,cortex
AACCCGAGCAGAATCG-1,cortex
AACCCTACTGTCAATA-1,caudate_putamen
AACCGAGCTTGGTCAT-1,caudate_putamen
AACCGCTAAGGGATGC-1,caudate_putamen
AACCGTTGTGTTTGCT-1,cortex
AACCTCGCTTTAGCCC-1,cortex
AACCTGTCACGGAATT-1,cortex
AACCTTTAAATACGGT-1,cortex
AACCTTTACGACGTCT-1,cortex
AACGATAATGCCGTAG-1,cortex
AACGATAGAAGGGCCG-1,cortex
AACGATATGTCAACTG-1,corpus_callosum
AACGCATGATCTGGGT-1,cortex
AACGCGGTCTCCAGCC-1,corpus_callosum
AACGCTGTTGCTGAAA-1,caudate_putamen
AACGGACGTACGTATA-1,caudate_putamen
AACGGCCATCTCCGGT-1,thalamus
AACGTACTGTGGGTAC-1,hypothalamus
AACGTCAGACTAGTGG-1,cortex
AACGTGCGAAAGTCTC-1,globus_pallidus
AACTACCCGTTTGTCA-1,cortex
AACTAGGCTTGGGTGT-1,hypothalamus
AACTCAAGTTAATTGC-1,thalamus
AACTCCAGAGCGTGTT-1,cortex
AACTCGATGGCGCAGT-1,
AACTCTCAATAGAGCG-1,caudate_putamen
AACTCTCAGTGTGCTC-1,hypothalamus
AACTGATATTAGGCCT-1,cortex
AACTGGGTCCCGACGT-1,cortex
AACTTCTGCGTCTATC-1,
AACTTGCCCGTATGCA-1,
AACTTGCGTTCTCGCG-1,
AAGAAGGATCAGTTAG-1,
AAGACCCAACTGAACA-1,hypothalamus
AAGACTGCAAGCTACT-1,globus_pallidus
AAGAGATGAATCGGTA-1,
AAGAGCTCTTTATCGG-1,caudate_putamen
AAGAGGATGTACGCGA-1,
AAGAGGCATGGATCGC-1,caudate_putamen
AAGAGGCCCTTTGGAA-1,cortex
AAGATGGCACCGGACC-1,hypothalamus
AAGATTGGCGGAACGT-1,cortex
AAGCACCCTGCGTATC-1,cortex
AAGCATACTCTCCTGA-1,cortex
AAGCCGAAGCGGTTTA-1,cortex
AAGCGTCCCTCATCGA-1,hypothalamus
AAGCTAGATCGAGTAA-1,globus_pallidus
AAGCTCGTGCCAAGTC-1,globus_pallidus
AAGCTCTTTCATGGTG-1,cortex
AAGGAGCGGTTGGTGC-1,
AAGGATCGATCGCTTG-1,cortex
AAGGATGAGGGACCTC-1,corpus_callosum
AAGGCAGGCTGTCTCC-1,cortex
AAGGCGCGTAAAGCTT-1,cortex
AAGGCTGTGCTCATCG-1,
AAGGGACAGATTCTGT-1,cortex
AAGGGACTATGCATTC-1,
AAGGTATCCTAATATA-1,corpus_callosum
AAGGTGATAAACCAGC-1,caudate_putamen
AAGTAGAAGACCGGGT-1,cortex
AAGTAGTGACGCGAGG-1,
AAGTCAATTGTCGTCA-1,caudate_putamen
AAGTGACGACCGAATT-1,
AAGTGAGTCGGGTTTA-1,hypothalamus
AAGTGCCTTGACTGTA-1,caudate_putamen
AAGTGCGTTAGAATCT-1,
AAGTGTTTGGAGACGG-1,caudate_putamen
AAGTTCACTCCAAGCT-1,cortex
AAGTTCAGTCTGCGTA-1,cortex
AAGTTCGGCCAACAGG-1,thalamus
AATAACACTAGAACAA-1,hypothalamus
AATACAATGTTTCAGG-1,
AATAGAACAGAGTGGC-1,hypothalamus
AATAGAATCTGTTTCA-1,caudate_putamen
AATAGCTACCGCGTGC-1,cortex
AATAGTCCGTCCCGAC-1,hypothalamus
AATATCGAATCAATGC-1,cortex
AATATCGAGGGTTCTC-1,cortex
AATCATGTAAAGACTC-1,cortex
AATCCAAGGGCCTGAG-1,cortex
AATCGCCTCAGCGCCA-1,globus_pallidus
AATCGCGCAGAGGACT-1,cortex
AATCGGGACACTACGA-1,cortex
AATCTATGCCGGAGCC-1,cortex
AATCTGCGTTGGGACG-1,caudate_putamen
AATGACAGCAATGTCT-1,
AATGACGTAGGATGTC-1,globus_pallidus
AATGACTGTCAGCCGG-1,cortex
AATGAGTTCGCATATG-1,
AATGATGATACGCTAT-1,cortex
AATGATGCGACTCCTG-1,cortex
AATGCAACCGGGTACC-1,
AATGCACCAAGCAATG-1,cortex
AATGGTTCTCACAAGC-1,cortex
AATGTGCCCGAGGTGT-1,
AATTAAAGGTCGGCGT-1,thalamus
AATTAACGGATTTCCA-1,cortex
AATTAGCGCTGCAGCG-1,globus_pallidus
AATTCATAAGGGATCT-1,cortex
AATTCTAGAGTTAGGC-1,globus_pallidus
AATTGAACGCTCTGGT-1,globus_pallidus
AATTGCAGCAATCGAC-1,cortex
AATTTGGGACATAGTA-1,cortex
AATTTGGTTCCAAAGA-1,cortex
ACAAAGCATGACCTAG-1,cortex
ACAAATCGCACCGAAT-1,caudate_putamen
ACAAATGGTAGTGTTT-1,globus_pallidus
ACAACAGCATGAGCTA-1,caudate_putamen
ACAACGGTCCCTGCGA-1,
ACAAGCAGTGCCTAGC-1,
ACAAGGAAATCCGCCC-1,globus_pallidus
ACAAGGACAAGAGGTT-1,
ACAAGGATGCTTTAGG-1,cortex
ACAAGGGCAGGCTCTG-1,globus_pallidus
ACAATAGTCGTACGTT-1,
ACAATGAATACGGAGA-1,
ACAATTGTGTCTCTTT-1,caudate_putamen
ACAATTTGAGCAGTGG-1,caudate_putamen
ACAATTTGGCCATATT-1,cortex
ACACAAAGACGGGTGG-1,
ACACACCAGGACCAGT-1,caudate_putamen
ACACACTTTCTACACG-1,cortex
ACACCACATAATTAGC-1,cortex
ACACCCAGCATGCAGC-1,corpus_callosum
ACACCCGAGAAATCCG-1,cortex
ACACCTTAAGTAGGGC-1,corpus_callosum
ACACCTTACTACTTGC-1,cortex
ACACGAGACTCCTTCT-1,caudate_putamen
ACACGGGAACTTAGGG-1,caudate_putamen
ACACGTAGGCCACAAG-1,cortex
ACACTCCAATGTCACT-1,
ACACTGATCAAGGTGT-1,hypothalamus
ACAGATTAGGTTAGTG-1,cortex
ACAGCATAGAGCCAGT-1,cortex
ACAGCGACATTCTCAT-1,cortex
ACAGGCTTGCCCGACT-1,caudate_putamen
ACAGGTGGAGGTGAGG-1,hypothalamus
ACATAATAAGGCGGTG-1,corpus_callosum
ACATCCCGGCCATACG-1,hypothalamus
ACATCCTGGTAACTGT-1,caudate_putamen
ACATCGATCGTTTACC-1,globus_pallidus
ACATCGGTCAGCCGCG-1,thalamus
ACATCGTATGCAATGG-1,globus_pallidus
ACATGGCGCCAAAGTA-1,caudate_putamen
ACATTAGTTTATATCC-1,hypothalamus
ACCAACACCACACACT-1,cortex
ACCAACCGCACTCCAC-1,cortex
ACCAACGCTTATTTAT-1,hypothalamus
ACCAAGAACGCGTGTC-1,cortex
ACCAATATGCAAGTTA-1,cortex
ACCACAAGTTTCTATC-1,
ACCACCAATGTAACAA-1,cortex
ACCACGTGCAGCTATA-1,globus_pallidus
ACCAGTGCGGGAGACG-1,caudate_putamen
ACCATATCCGCAATAA-1,globus_pallidus
ACCATCGTATATGGTA-1,thalamus
ACCCAACGCCCGTGGC-1,caudate_putamen
ACCCACCTACATGCTC-1,
ACCCATTTGTCCCTCT-1,cortex
ACCCGAGCGAAATTAC-1,
ACCCGGAAACTCCCAG-1,cortex
ACCCGGATGACGCATC-1,caudate_putamen
ACCCGGTTACACTTCC-1,thalamus
ACCCGTGTCATCAGTA-1,hypothalamus
ACCCTATAGGACTGAG-1,
ACCCTATGCCATATCG-1,hypothalamus
ACCCTCCCTTGCTATT-1,caudate_putamen
ACCCTTCATCTGCGAA-1,cortex
ACCGAAAGGGCCCTGC-1,cortex
ACCGACACATCTCCCA-1,cortex
ACCGACTGAGTCCCAC-1,caudate_putamen
ACCGATGGTAGCATCG-1,caudate_putamen
ACCGCAATAACTGCCT-1,caudate_putamen
ACCGCGGTGGAAGTCG-1,cortex
ACCGGGCCTTTGTTGA-1,caudate_putamen
ACCGTGACCACGTGGG-1,hypothalamus
ACCTAAGTACCTTTCA-1,
ACCTAATCGACTTCCT-1,
ACCTACAGTATGTGGT-1,cortex
ACCTCCGCCCTCGCTG-1,cortex
ACCTCCGTTATTCACC-1,cortex
ACGAAATGGGCGGCAC-1,
ACGACTGGTCATACTC-1,
ACGAGTACGGATGCCC-1,cortex
ACGATACATAGAACTA-1,cortex
ACGATCATACATAGAG-1,caudate_putamen
ACGATCATCTTGTAAA-1,caudate_putamen
ACGATGCATATGTTAT-1,thalamus
ACGATGGATCCGATGC-1,cortex
ACGCAAACTAATAGAT-1,hypothalamus
ACGCAATCACTACAGC-1,cortex
ACGCATACGTTTACTA-1,cortex
ACGCATTCGTGAGTAC-1,caudate_putamen
ACGCCAGATGATTTCT-1,cortex
ACGCCGCTAGACGACC-1,globus_pallidus
ACGCGAAGTCAGACGA-1,globus_pallidus
ACGCGCTACACAGGGT-1,
ACGCGGGCCAAGGACA-1,caudate_putamen
ACGCTAGTGATACACT-1,cortex
ACGGAATTTAGCAAAT-1,
ACGGACTCTCAAAGCG-1,cortex
ACGGAGCGCAAATTAC-1,cortex
ACGGATGGTGCGGATA-1,cortex
ACGGCACTTGCTTGGG-1,hypothalamus
ACGGCCAACATGGACT-1,hypothalamus
ACGGCGACGATGGGAA-1,globus_pallidus
ACGGGAGTGTCGGCCC-1,
ACGGGCGTATGCGACA-1,cortex
ACGGGTCATGTGACTT-1,
ACGTACAGATTTCTCT-1,cortex
ACGTAGATTGCTGATG-1,caudate_putamen
ACGTATTACTCCGATC-1,caudate_putamen
ACGTGCGCCTCGTGCA-1,cortex
ACGTTAATGTCGAAGA-1,globus_pallidus
ACGTTAGATTTGCCCG-1,thalamus
ACGTTCCGCGCTCCGT-1,cortex
ACGTTCGCAATCAATT-1,cortex
ACGTTCGTTCAGGAAA-1,hypothalamus
ACGTTCTGTACAAGTC-1,cortex
ACGTTGTCGTTGAAAG-1,
ACGTTTAGTTGTGATC-1,cortex
ACTACCAGCTCTCTGG-1,cortex
ACTACGCGTTAGAATT-1,hypothalamus
ACTAGTTGCGATCGTC-1,cortex
ACTATCCAGGGCATGG-1,cortex
ACTATCTGCCCGCGTA-1,cortex
ACTATTCGTCCGTGGT-1,cortex
ACTATTTCCGGGCCCA-1,hypothalamus
ACTCAAGTGCAAGGCT-1,cortex
ACTCAATAAAGGCACG-1,caudate_putamen
ACTCAGACCTGCTTCT-1,cortex
ACTCCAATATCATCAT-1,
ACTCCCGAATTCGTTT-1,cortex
ACTCCCTAATGCTAAA-1,cortex
ACTCCCTAGAATAGTA-1,globus_pallidus
ACTCGCGATCTGACGC-1,cortex
ACTCGTCAGTAATCCC-1,globus_pallidus
ACTCTCTGACTTAGGT-1,globus_pallidus
ACTCTTCAGCTCCCGC-1,cortex
ACTCTTGTATAGTAAC-1,globus_pallidus
ACTGAAACGCCGTTAG-1,cortex
ACTGAATGGCGAAAGT-1,globus_pallidus
ACTGCCGTCGTAACTC-1,cortex
ACTGCGGACACACCGT-1,cortex
ACTGTACGATACACAT-1,caudate_putamen
ACTGTAGCACTTTGGA-1,
ACTGTCCAGGATTATA-1,
ACTGTCTTCTTTAGAA-1,caudate_putamen
ACTGTGCTAGTAGATC-1,
ACTTACGCATCCACGC-1,cortex
ACTTAGTACGACAAGA-1,
ACTTATACTTACCCGG-1,caudate_putamen
ACTTATTAGGATCGGT-1,thalamus
ACTTATTTATGTGCCA-1,caudate_putamen
ACTTCAGGCTGATCCC-1,caudate_putamen
ACTTCCATGCGGGACA-1,cortex
ACTTCGCCATACGCAC-1,caudate_putamen
ACTTGACTCCCTCTTT-1,globus_pallidus
ACTTGGGACCCGGTGG-1,
ACTTGTGGATGGAACG-1,cortex
ACTTTACCCTCATGAA-1,cortex
ACTTTCCTATAGCTTC-1,caudate_putamen
AGAAATTATGACTCGC-1,cortex
AGAACGTGGTACATTC-1,caudate_putamen
AGAAGAGCGCCGTTCC-1,caudate_putamen
AGAAGGTTGCCGAATT-1,thalamus
AGAAGGTTGTAGGTCG-1,cortex
AGAAGTGATTCGTGAT-1,
AGAATTATGGATTCGA-1,corpus_callosum
AGAATTGTTTGACATA-1,
AGACCATGGGATACAA-1,
AGACCCACCGCTGATC-1,globus_pallidus
AGACCCGCCCTCCTCG-1,
AGACCGCTCCGCGGTT-1,cortex
AGACGAAGTGCCGGTC-1,caudate_putamen
AGACTAGCCTTCCAGA-1,
AGACTGTTACCGGGTC-1,hypothalamus
AGAGAACCGTCTAGGA-1,corpus_callosum
AGAGAAGGAGTACAAT-1,hypothalamus
AGAGCCGCCGAGATTT-1,cortex
AGAGCGGGCTAATCAT-1,cortex
AGAGCGTACAAGCTCG-1,
AGAGCTACGAAAGCAT-1,
AGAGGCTTCGGAAACC-1,cortex
AGAGTAAACTTCACTA-1,cortex
AGAGTATAGTGTTACG-1,cortex
AGATAACTTCAGGGCC-1,
AGATACCGGTGTTCAC-1,thalamus
AGATACGACTTCATAT-1,cortex
AGATACTCAAGATCGA-1,globus_pallidus
AGATATAATACGACTA-1,cortex
AGATCGTGCATAAGAT-1,cortex
AGATCTCAGGTGTGAT-1,caudate_putamen
AGATGACTCGCCCACG-1,corpus_callosum
AGATGATGGAGTCTGG-1,cortex
AGATGCAAGACGTGCA-1,
AGATTATAGGACGTTT-1,thalamus
AGCAAAGGCCGCTAGT-1,cortex
AGCAACATATCTTATT-1,caudate_putamen
AGCACCAGTACTCACG-1,caudate_putamen
AGCACTACCTCACCAG-1,caudate_putamen
AGCACTTAAGGACGCC-1,
AGCAGCCAGATGAATA-1,hypothalamus
AGCATATCAATATGCT-1,caudate_putamen
AGCATCGTCGATAATT-1,corpus_callosum
AGCCACAGGTTACCCG-1,cortex
AGCCACTCCCGTGCTT-1,cortex
AGCCCATACATGTAAG-1,
AGCCCGGTAGCCTGTA-1,hypothalamus
AGCCCTAAGCGAAGTT-1,cortex
AGCCCTGTCGCACCGT-1,cortex
AGCCCTTCTAATCCGA-1,cortex
AGCGACAGGAACGGTC-1,hypothalamus
AGCGACATCCCATTCA-1,cortex
AGCGACCAACGATATT-1,plexus
AGCGCATAATGAATCG-1,hypothalamus
AGCGCGGGTGCCAATG-1,cortex
AGCGCTAGAGCGATGT-1,cortex
AGCGGGAAGGGTCCAT-1,cortex
AGCGTGGTATTCTACT-1,globus_pallidus
AGCTAAGTACGCAGGC-1,cortex
AGCTAGAAGCAGAAGT-1,cortex
AGCTATTTAATCCAAC-1,cortex
AGCTCCATATATGTTC-1,cortex
AGCTCCTTCGCACATC-1,caudate_putamen
AGCTCTAGACGTTCCA-1,globus_pallidus
AGCTCTTCCCAGTGCA-1,cortex
AGCTCTTCGTAACCTT-1,cortex
AGCTCTTTACTCAGTT-1,thalamus
AGCTGAAGTAAACCAA-1,cortex
AGCTGTAACCTCAATC-1,
AGCTTGATCTTAACTT-1,
AGGAAGCTGTCCGCCG-1,cortex
AGGACAGTCGAATCCC-1,globus_pallidus
AGGACATCGCACGTCG-1,cortex
AGGACGACCCATTAGA-1,thalamus
AGGACGCTCGATGTTG-1,cortex
AGGAGGCCTTCGCGCG-1,cortex
AGGATAAAGTCGGGAT-1,cortex
AGGATATAGGGATTTA-1,caudate_putamen
AGGATTGCTTACGACA-1,cortex
AGGCAGATGCGTAAAC-1,corpus_callosum
AGGCAGGGAGCGTACT-1,hypothalamus
AGGCATTGTCGTAGGG-1,caudate_putamen
AGGCCACATTGGTTAC-1,cortex
AGGCCACCCGTTATGA-1,
AGGCCCATTGTACAGG-1,cortex
AGGCCCTAGAACGCCA-1,
AGGCCTGAGAATCTCG-1,cortex
AGGCTATGGTTAGCTT-1,
AGGCTTCCCGAAGAAG-1,hypothalamus
AGGCTTGCTAGACACC-1,
AGGGAAACGAGGTACT-1,cortex
AGGGACCGGCTGCGTT-1,cortex
AGGGACTCTACGCGAC-1,hypothalamus
AGGGAGACATACTTCG-1,cortex
AGGGCGTGATCGGCTA-1,cortex
AGGGCTGCAGTTACAG-1,globus_pallidus
AGGGTCGATGCGAACT-1,caudate_putamen
AGGGTGCCGTTCTTTA-1,
AGGGTGCTCTCGAGGG-1,caudate_putamen
AGGGTTCCCTTTGGTT-1,caudate_putamen
AGGGTTTAGTTCGGGA-1,caudate_putamen
AGGTAACCTCCTATTC-1,cortex
AGGTACGATATTGCCA-1,cortex
AGGTAGATCGAGATAT-1,hypothalamus
AGGTAGGTACAAAGCT-1,plexus
AGGTATAATTGATAGT-1,cortex
AGGTATGCGGACATTA-1,cortex
AGGTCGCGGAGTTACT-1,cortex
AGGTGGTGACCTTCGC-1,
AGGTTACACCATGCCG-1,cortex
AGGTTGAGGCACGCTT-1,cortex
AGGTTTCACACACCTT-1,globus_pallidus
AGTAATGTCTTGCCGC-1,cortex
AGTACATCATTTATCA-1,cortex
AGTACGGGCACCTGGC-1,corpus_callosum
AGTACTCTTATGCCCA-1,caudate_putamen
AGTAGGAAGGAAGTTG-1,cortex
AGTAGGTAACATACAT-1,cortex
AGTATAATACTAGGCA-1,
AGTATACACAGCGACA-1,
AGTATGCTGGAGACCA-1,
AGTATTTGGCACGACC-1,hypothalamus
AGTCAACACCACCATC-1,thalamus
AGTCAAGATGACACTT-1,caudate_putamen
AGTCACTAGCTCTCGA-1,cortex
AGTCAGCCACCGCCTG-1,
AGTCCATTGGCTGATG-1,caudate_putamen
AGTCCCGCCTTTAATT-1,cortex
AGTCGACGGTCTCAAG-1,caudate_putamen
AGTCGGCCCAAACGAC-1,cortex
AGTCGGCTCAACTTTA-1,
AGTCGGTTGCGTGAGA-1,cortex
AGTCGTATAAAGCAGA-1,cortex
AGTCGTCGACCACCAA-1,cortex
AGTCGTGGGCATTACG-1,
AGTCTAAAGTATACTC-1,cortex
AGTCTCACAAGACTAC-1,
AGTCTGGACATCCTTG-1,
AGTCTTCTCCTCAAAT-1,caudate_putamen
AGTGAACAAACTTCTC-1,caudate_putamen
AGTGACCTACTTTACG-1,thalamus
AGTGAGACTTCCAGTA-1,caudate_putamen
AGTGAGCCTCGCCGCC-1,cortex
AGTGATAACCTGCGCG-1,cortex
AGTGATATGAGTAGTT-1,thalamus
AGTGATTCAAGCAGGA-1,caudate_putamen
AGTGCACGCTTAAGAA-1,caudate_putamen
AGTGCGTAGCTCGTAA-1,thalamus
AGTGCTAAACACAGCA-1,cortex
AGTGCTTGCACGAATA-1,caudate_putamen
AGTGGCGGCAATTTGA-1,cortex
AGTGGCGTCTGAAGGT-1,cortex
AGTGTATTGCGCATTG-1,cortex
AGTGTGCTAAGATCGC-1,
AGTGTGGTCTATTGTG-1,
AGTTAAACACTTGCGA-1,thalamus
AGTTAAGCGGTCCCGG-1,cortex
AGTTAAGTCAACCGCT-1,
AGTTACTCTATCGTGG-1,cortex
AGTTCCTACAGAATTA-1,
AGTTCCTATTTATGTT-1,globus_pallidus
AGTTCTGCGTTGTATC-1,
AGTTGCTGACTGATAT-1,
AGTTTATGTAAAGACA-1,cortex
AGTTTCGCAGGTCGGA-1,cortex
AGTTTGCACCTGCCTC-1,cortex
AGTTTGGCACGGGTTG-1,caudate_putamen
AGTTTGGCCAGACCTA-1,
ATAAACGGACCCGTAA-1,globus_pallidus
ATAAACGTTGCACCAC-1,cortex
ATAAAGGCTCGGTCGT-1,
ATAAATATTAGCAGCT-1,
ATAACGCCGGAGGGTC-1,caudate_putamen
ATAACGGAGTCCAACG-1,caudate_putamen
ATAAGGTGGAGAACAT-1,globus_pallidus
ATAAGTAGGATTCAGA-1,cortex
ATAAGTAGGGCGACTC-1,cortex
ATAAGTTACCGCGACG-1,thalamus
ATAATACCGTTAGCCG-1,
ATAATAGCTGTTGAAT-1,globus_pallidus
ATAATAGTGTAGGGAC-1,
ATAATCTTGGAGAACC-1,cortex
ATACAGGCCCTCCAAT-1,cortex
ATACCAGGCTAATAGA-1,cortex
ATACCTAACCAAGAAA-1,cortex
ATACGAAGGCTTTCCA-1,cortex
ATACGCCGGCGAAACC-1,globus_pallidus
ATACGGGTTTCGATTG-1,cortex
ATACGTACTTAGCCAC-1,cortex
ATACGTCCACTCCTGT-1,caudate_putamen
ATACTACCCGTACCAC-1,cortex
ATACTAGCATGACCCT-1,corpus_callosum
ATACTGCCTTACACCG-1,cortex
ATAGACAACGGGACCT-1,corpus_callosum
ATAGACGAAGAGAAAG-1,
ATAGAGTACTGGGACA-1,plexus
ATAGAGTTATCAACTT-1,cortex
ATAGCAACTAGGGAAG-1,cortex
ATAGCCTCAGTACCCA-1,
ATAGGCGGCTATAGAA-1,thalamus
ATAGGCTAGCTTCGCA-1,cortex
ATAGGGATATCCTTGA-1,cortex
ATAGGTTGGGCAGATG-1,caudate_putamen
ATAGTGAAGCGTTCTC-1,thalamus
ATAGTTCCACCCACTC-1,caudate_putamen
ATATAAAGCGCTCGTG-1,cortex
ATATAAATGTAGCTGC-1,cortex
ATATAACACGGGCGCA-1,cortex
ATATACGCTCGTGACG-1,cortex
ATATCAACCTACAGAG-1,cortex
ATATCGGTAGGGAGAT-1,cortex
ATATCGTTCCTCGAAC-1,cortex
ATATCTCCCTCGTTAA-1,cortex
ATATCTTAGGGCCTTC-1,globus_pallidus
ATATGTCTCCCTAGCC-1,caudate_putamen
ATATTCAGTTAAACCT-1,thalamus
ATATTCCACATAGTGA-1,globus_pallidus
ATATTCCCACAGGTCA-1,cortex
ATATTGCTGTCAAAGT-1,
ATATTTAACCCTCAAG-1,
ATCAAACACTGTTCCA-1,cortex
ATCAAACGAAGGTTTG-1,hypothalamus
ATCAATCTGGGCTGCA-1,caudate_putamen
ATCACATTAGAATATC-1,cortex
ATCACGTGCTAATTAA-1,thalamus
ATCACTTCATCCTCGC-1,cortex
ATCAGACGGCACGCCG-1,thalamus
ATCAGCCTCATGCTGC-1,cortex
ATCAGTAGGCAGGGAT-1,cortex
ATCATAGCCCTATGTA-1,cortex
ATCATCCAATATTTGT-1,globus_pallidus
ATCCAACGCAGTCATA-1,cortex
ATCCAATGGAGGGTCC-1,
ATCCACATCGACAGAA-1,cortex
ATCCAGAGCAACAACC-1,hypothalamus
ATCCAGGATTCGTGAA-1,thalamus
ATCCTACCTAAGCTCT-1,thalamus
ATCCTGAATCGCTGCG-1,
ATCCTGCGTGGAATGG-1,thalamus
ATCGACCCAATACAGA-1,globus_pallidus
ATCGACTCTTTCCGTT-1,corpus_callosum
ATCGCACGCCGGGAGA-1,plexus
ATCGCCAGTCAACATT-1,cortex
ATCGCTGCGTGCAGCA-1,cortex
ATCGCTTTACGTCTCA-1,cortex
ATCGGAGACAGACGGC-1,cortex
ATCGGCAAGCAGTCCA-1,cortex
ATCGTTAGCTAGCGGA-1,cortex
ATCTAATATCCTACGG-1,cortex
ATCTCCCACGGAATAT-1,cortex
ATCTCCCTGCAATCTA-1,cortex
ATCTCGTGAGCGAAAC-1,cortex
ATCTGACATGGAAGGA-1,hypothalamus
ATCTGATAGTGTCTTA-1,
ATCTGCACCTCTGCGA-1,cortex
ATCTGGGCTGTTCTTG-1,cortex
ATCTGGTTAAGACTGT-1,caudate_putamen
ATCTGTAATTGTACCC-1,cortex
ATCTTATCGCACACCC-1,cortex
ATCTTGACCTGCAACG-1,corpus_callosum
ATCTTGACTTGTCCAA-1,cortex
ATCTTTCGTATAACCA-1,cortex
ATGAAGCCAAGGAGCC-1,cortex
ATGACGCCGGCTCTAA-1,cortex
ATGACGCGTTCTATCC-1,
ATGACTATCAGCTGTG-1,hypothalamus
ATGACTATGCGACATT-1,caudate_putamen
ATGAGGAGTGTTAATC-1,
ATGAGGGCAGCGGCTA-1,cortex
ATGATCGGGAATAGAC-1,cortex
ATGATGCAATGGTACA-1,thalamus
ATGCACTACCGCATTG-1,
ATGCATGATCCAGGAT-1,caudate_putamen
ATGCCATTTGCGACCA-1,caudate_putamen
ATGCCGGTCTTGCATA-1,caudate_putamen
ATGCCGGTTGATGGGA-1,cortex
ATGCGACAGTCCCATT-1,globus_pallidus
ATGCGAGTCCCACCAC-1,cortex
ATGCTCAGTGTTGCAT-1,
ATGCTCTGGCGCGGTA-1,cortex
ATGCTTAGGAGTTGAT-1,cortex
ATGGAACCTTTGCACA-1,cortex
ATGGAGCAGGCCGTGA-1,globus_pallidus
ATGGATCCGGCGTCCG-1,cortex
ATGGATTGACCAAACG-1,caudate_putamen
ATGGCGGAATAGTCGC-1,cortex
ATGGGACCTGCTGAAC-1,
ATGGGCCTCGGCCTCT-1,caudate_putamen
ATGGTCGCGTGGTTTC-1,globus_pallidus
ATGTAAGGCTGCTCTT-1,cortex
ATGTGCATCCGACGCA-1,corpus_callosum
ATGTGGACATCTTGAT-1,globus_pallidus
ATGTTACGAGCAATAC-1,
ATGTTGTAGTCTGTTT-1,
ATGTTTCGGCCCGGAG-1,cortex
ATTAAACATGCGGACC-1,globus_pallidus
ATTAATACTACGCGGG-1,corpus_callosum
ATTAATGAACCAGTCG-1,cortex
ATTAATTCGGTCACTC-1,cortex
ATTACATGTCAGTCTT-1,cortex
ATTACCACACTGCCTG-1,cortex
ATTACGCGCTGGCAGG-1,
ATTACTAGCCTCTTGC-1,cortex
ATTACTTACTGGGCAT-1,cortex
ATTAGATTCCTCAGCA-1,cortex
ATTAGATTGATAGCGG-1,cortex
ATTAGGCGATGCTTTC-1,globus_pallidus
ATTATACTTTGCTCGT-1,cortex
ATTATAGCTACTTTAC-1,cortex
ATTATGCCATAGGGAG-1,corpus_callosum
ATTATTATGTCCGTCA-1,hypothalamus
ATTCAACCATTTAAGG-1,cortex
ATTCACTGATGTTGGA-1,cortex
ATTCAGGACCTATTTC-1,cortex
ATTCAGTAGCAGGGTC-1,
ATTCATATACTGTCCA-1,globus_pallidus
ATTCATCGTTGAGGCA-1,cortex
ATTCCCACATAAACAA-1,
ATTCCTCCGCCAGTGC-1,cortex
ATTCGTGCTATCTCTT-1,cortex
ATTCTCGTCTCTTTAG-1,cortex
ATTGAAGATCTTAGTG-1,
ATTGATAGCAACGAGA-1,
ATTGATGAGTCCTAAC-1,corpus_callosum
ATTGCCTTTATGTTTG-1,cortex
ATTGCGATCAGTAACT-1,cortex
ATTGCTGCTCCTCCAT-1,plexus
ATTGGATTACAGCGTA-1,cortex
ATTGGGAATATCTTGG-1,cortex
ATTGTACAACTCGGCT-1,cortex
ATTGTCGCAATACCTT-1,cortex
ATTTAACTCGTATTAC-1,cortex
ATTTACAGTTTACTGG-1,
ATTTACTAAGTCCATT-1,cortex
ATTTCATTATTTCGCG-1,cortex
ATTTCCGGGTTCTGCG-1,hypothalamus
ATTTGCGCGAGTAGCT-1,
ATTTGTCTTGGGAGCT-1,globus_pallidus
ATTTGTTCCAGGGCTC-1,cortex
CAAACGAGTATCGCAG-1,thalamus
CAAACGGTCGCACTTT-1,
CAAACTACGATAGAGA-1,cortex
CAAACTATTGAGCTTC-1,cortex
CAAACTCGCGACGCCG-1,cortex
CAAAGATTATTGGGCC-1,
CAAAGGTCATCTGAAA-1,cortex
CAAATCTCTCACAAGG-1,
CAAATGTCCTTCCGTG-1,thalamus
CAAATTGGATTATGCC-1,cortex
CAAATTGTCAGCAAGC-1,cortex
CAACACATCTCCTGCC-1,cortex
CAACCTACCGAGCAGT-1,cortex
CAACGACCCGTTTACA-1,cortex
CAACGGTTCTTGATAC-1,cortex
CAACGTGGTGGAGTCT-1,cortex
CAACTATATCGAATGC-1,cortex
CAACTCCTTGATCCCG-1,cortex
CAACTGCTCATCCGAT-1,hypothalamus
CAACTTGTAGTGGGCA-1,cortex
CAAGAGGGCGGAGTAC-1,globus_pallidus
CAAGATATTATAACGT-1,caudate_putamen
CAAGCAACGTCGGAGT-1,
CAAGCACCAAATGCCT-1,cortex
CAAGCGGCACATAATT-1,cortex
CAAGGATCGCATGTTC-1,globus_pallidus
CAAGGCCAGTGGTGCA-1,cortex
CAAGGTCCTATAGGCT-1,cortex
CAAGTGTGGTTGCAAA-1,caudate_putamen
CAATAAACCTTGGCCC-1,caudate_putamen
CAATACGAGAGTCTGA-1,cortex
CAATATTCTTGACCTA-1,hypothalamus
CAATCCCTATACCAGC-1,cortex
CAATCCTGCCGTGGAG-1,
CAATGAGGTTCGACTA-1,cortex
CAATGCGAGAAGTATC-1,caudate_putamen
CAATGGATCTCTACCA-1,caudate_putamen
CAATGTGCCAACCCTT-1,cortex
CAATTAAGGGTGATGA-1,caudate_putamen
CAATTTCGTATAAGGG-1,globus_pallidus
CACAATGAGCTGCTAT-1,thalamus
CACACACGCTAACGAG-1,cortex
CACACAGCTTGCGCTC-1,cortex
CACACAGGGATAGATT-1,
CACACGCGCTGTCTTA-1,caudate_putamen
CACAGCACCCACGGCA-1,plexus
CACAGCTAGGGAGTGA-1,cortex
CACAGGGCCATATAGT-1,cortex
CACAGTTCGCTTCCCA-1,cortex
CACATATTAGCAGGAT-1,globus_pallidus
CACATCGTGCACGCGC-1,hypothalamus
CACATCTCACCGACGA-1,cortex
CACATGATTCAGCAAC-1,globus_pallidus
CACATGTTTGGACATG-1,
CACATTCTTTCGATGG-1,cortex
CACATTTCTTGTCAGA-1,cortex
CACCATCGGAGGAGAC-1,cortex
CACCCAAATCTTATGT-1,cortex
CACCCACACGTCACCC-1,cortex
CACCCACGAGGCAATT-1,cortex
CACCCGGTTTGTGACT-1,hypothalamus
CACCCTAACAAGATCT-1,cortex
CACCGCCAGAAGGTTT-1,caudate_putamen
CACCGCCGACCAGCGA-1,cortex
CACCGCGTCCACTCTA-1,cortex
CACCGTATCCCATCCG-1,cortex
CACCGTTAGGGATCAC-1,hypothalamus
CACCGTTGCGCGATAT-1,
CACCTAATAGAGTCGT-1,
CACCTAATCAGTTTAC-1,cortex
CACCTCGATGGTGGAC-1,cortex
CACCTTGCGAAACTCG-1,cortex
CACCTTGGCGCCTTTG-1,caudate_putamen
CACGAAAGTTAGTCCC-1,
CACGCACAGCGCAGCT-1,corpus_callosum
CACGCAGCGAGGCTTT-1,
CACGCGGAACTGTTGC-1,caudate_putamen
CACGTCGGCAACCTCT-1,hypothalamus
CACGTTCGTGCTCTAG-1,caudate_putamen
CACGTTTCGTACACAC-1,caudate_putamen
CACTAAAGTTGCCTAT-1,plexus
CACTACGGGAGCTGCC-1,cortex
CACTCAAGAGCTATGG-1,globus_pallidus
CACTCAGCTCTTGAGG-1,cortex
CACTCCTATGTAAGAT-1,hypothalamus
CACTCCTCTCGGTCGG-1,cortex
CACTCGAGCTGAACAA-1,globus_pallidus
CACTCTTCTGCTAGCC-1,cortex
CACTGACGATTGTGGA-1,
CACTGTCCAAGTGAGA-1,cortex
CACTTAATCAGACGGA-1,
CACTTCGCCACAGGCT-1,
CACTTCGTCTTATCTC-1,
CAGAACTTAGCCCTCT-1,caudate_putamen
CAGAATAACACACGGA-1,cortex
CAGACACCGATCGCTG-1,hypothalamus
CAGACCTGTAAGTGTT-1,cortex
CAGACGAACCTGATAC-1,hypothalamus
CAGAGACGGTCACCCA-1,hypothalamus
CAGAGCATGAGCTTGC-1,caudate_putamen
CAGAGGCGATGCATGA-1,hypothalamus
CAGAGTGATTTAACGT-1,cortex
CAGATACTAACATAGT-1,corpus_callosum
CAGATCATTTAAAGTC-1,cortex
CAGCAGCCCGTTCCTT-1,caudate_putamen
CAGCAGTCCAGACTAT-1,caudate_putamen
CAGCAGTCTGTGCTGC-1,cortex
CAGCCTCCTGCAGAGG-1,corpus_callosum
CAGCCTCTCCTCAAGA-1,cortex
CAGCGATTCCCTTCAA-1,hypothalamus
CAGCTCACTGAGACAT-1,plexus
CAGCTCGACAAGTTAA-1,corpus_callosum
CAGCTCGTGCTTGTGT-1,cortex
CAGCTTAGTAGGTAGC-1,
CAGGAAGACTTTATAT-1,cortex
CAGGATATATCGTTGT-1,globus_pallidus
CAGGCAGTCTTACCAG-1,cortex
CAGGCCGTTTGGGTGT-1,thalamus
CAGGCGCACGGTGGTC-1,
CAGGCGCCATGCTAGG-1,globus_pallidus
CAGTAACTATTTATTG-1,cortex
CAGTAATCCCTCCCAG-1,
CAGTACATTCTCTAAA-1,cortex
CAGTAGCCCACGCGGT-1,cortex
CAGTCGAGGATGCAAT-1,cortex
CAGTCTGTATACTGGG-1,globus_pallidus
CAGTGAATAAATGACT-1,corpus_callosum
CAGTGGTTGCACATGA-1,
CAGTGTCCGCAGAATG-1,cortex
CAGTGTCGGCTGGCCC-1,caudate_putamen
CAGTTCAAATTGACAC-1,plexus
CAGTTCCGCGGGTCGA-1,
CATAACGGACAGTCGT-1,caudate_putamen
CATAAGAAGCTTGGCT-1,cortex
CATACAAAGCCGAACC-1,cortex
CATACACGGTTCCCAC-1,hypothalamus
CATACGGCGTCTGGGC-1,globus_pallidus
CATACTATGTAATTGT-1,thalamus
CATACTTAGGCAATAC-1,cortex
CATAGCGTTGCCCACC-1,hypothalamus
CATAGTACATTGAGAG-1,cortex
CATAGTAGCATAGTAG-1,cortex
CATAGTCAAATACATA-1,cortex
CATAGTCCACAAGAAC-1,
CATATACTACTGATAA-1,cortex
CATATAGGTACAGTCA-1,thalamus
CATATGTCAGGCTACG-1,
CATCATCTACCCGGAC-1,cortex
CATCATTACCCTGAGG-1,caudate_putamen
CATCCGCAGGCCCGAA-1,
CATCCTCTCAAAGATC-1,caudate_putamen
CATCGCCCGCGGCCAA-1,cortex
CATCGGACGGGTTAAT-1,globus_pallidus
CATCTAGTGAAGGGAA-1,cortex
CATCTATCCCGTGTCT-1,cortex
CATCTTACACCACCTC-1,caudate_putamen
CATGAACCGACATTTG-1,cortex
CATGACTTCGCTGAAT-1,cortex
CATGAGATGCACTCTC-1,cortex
CATGATGCACAATTCT-1,cortex
CATGATGGAAGTTAGC-1,caudate_putamen
CATGCCAACTCGCAAA-1,
CATGCGACCAGTTTAA-1,cortex
CATGCGTTAGACAGAA-1,cortex
CATGCTGGCTCCAATT-1,cortex
CATGGATTGTCTTCCG-1,cortex
CATGGCAGGAAGATCG-1,cortex
CATGGGTATGCCTTAT-1,cortex
CATGGGTCGGGTGTGG-1,cortex
CATGGTAAGTAGCGTT-1,globus_pallidus
CATGGTCTAGATACCG-1,caudate_putamen
CATGTAAGAGACATTT-1,caudate_putamen
CATGTCTCATTTATGG-1,caudate_putamen
CATTACATAGATTGTG-1,cortex
CATTACGTCGGCCCGT-1,cortex
CATTATGCTTGTTGTG-1,plexus
CATTCCCATTCCGTCG-1,cortex
CATTCCCTAAGTACAA-1,
CATTGCGGGTCAATTC-1,cortex
CATTGTGTGCTAGATC-1,
CATTTAGCGGACCATG-1,corpus_callosum
CATTTCTAGCAGACTA-1,
CATTTGAGTGGTACGT-1,hypothalamus
CCAAACAGAACCCTCG-1,cortex
CCAAATAACAAGATTC-1,cortex
CCAACGATGCACTGAT-1,
CCAACTTGATAGATCC-1,cortex
CCAAGAAAGTGGGCGA-1,hypothalamus
CCAAGACTTCTGCGAA-1,cortex
CCAAGCGTAACTCGTA-1,caudate_putamen
CCAAGGAACAGAGAGG-1,cortex
CCAATAGTGCCGTCGA-1,
CCAATCGGTAGATCGA-1,cortex
CCAATGTCACAGCAAG-1,thalamus
CCAATTACGGGTCGAG-1,cortex
CCAATTGAATGTTAAT-1,cortex
CCACAATGTACGTCTT-1,caudate_putamen
CCACACTGAGATATTA-1,thalamus
CCACAGTACCCATCCT-1,caudate_putamen
CCACCAACTTTACTGT-1,hypothalamus
CCACCCAAGGAAAGTG-1,globus_pallidus
CCACGAATTTAACCTC-1,cortex
CCACGAGAAGAGAATC-1,cortex
CCACGGAGCCATAAGA-1,
CCACGGTGCCCGGTAG-1,cortex
CCACGTAAATTAGACT-1,cortex
CCACTATCCGGGTCAC-1,cortex
CCACTGGTGGCTGGTT-1,
CCACTGTTTGGATTAA-1,cortex
CCAGAAAGCAACTCAT-1,hypothalamus
CCAGAGACAAAGCCGG-1,
CCAGATAGTTGAGTGA-1,caudate_putamen
CCAGCCTGGACCAATA-1,globus_pallidus
CCAGCGGGATCACCAG-1,cortex
CCAGGGACGTGGCCTC-1,plexus
CCAGTAGTCTGATCCA-1,cortex
CCAGTCCATTATTCGA-1,
CCAGTCTAGACGGCGC-1,cortex
CCAGTCTTGTCATAGA-1,hypothalamus
CCATAAACAACCCGAC-1,cortex
CCATACCTTTACTTGT-1,cortex
CCATAGGTTGGCGTGG-1,cortex
CCATAGTCAGTAACCC-1,
CCATATGGAAACTATA-1,cortex
CCATCCATACCAAGTC-1,cortex
CCATCGCAGTTAAACT-1,globus_pallidus
CCATCTCACCAGTGAA-1,caudate_putamen
CCATGCCCTAGATTTC-1,cortex
CCATGCCTGTTTAGTA-1,plexus
CCATGCTCTGCAGGAA-1,cortex
CCATGGCCCTTGTACC-1,
CCATTAGCGATAATCC-1,
CCATTCCCTGCCCACA-1,
CCATTGTTTCCTCCAT-1,cortex
CCATTTCTACCTATTA-1,cortex
CCCAAACATGCTGCTC-1,caudate_putamen
CCCAACATACGTCGCG-1,thalamus
CCCAATGAGATTTGCA-1,hypothalamus
CCCAATTTCACAACTT-1,thalamus
CCCAGAGGAGGGCGTA-1,cortex
CCCAGGTCTGAAGGCT-1,cortex
CCCAGTTAAGGCGCCG-1,globus_pallidus
CCCGACCATAGTCCGC-1,cortex
CCCGAGTTTCTCCGTA-1,cortex
CCCGCAGCGCGAACTA-1,globus_pallidus
CCCGCAGGGCCCAAAG-1,cortex
CCCGCCATGCTCCCGT-1,cortex
CCCGCGCAATGCACCC-1,
CCCGGTGGAAGAACCT-1,
CCCGTAAGTCTAGGCC-1,
CCCGTAGCTGGGAAGA-1,hypothalamus
CCCGTCAGCGTCTGAC-1,corpus_callosum
CCCGTTTCGCAGATGT-1,cortex
CCCTAGTGTCAGGTGT-1,
CCCTATGTAGAGCAGA-1,
CCCTCATTCTGGAATT-1,cortex
CCCTCCTCGCTCGTAT-1,cortex
CCCTGAAATGAGTTGA-1,
CCCTGATGTAACTCGT-1,
CCCTGCGCTACGCATA-1,
CCCTTTGACAGGTCTT-1,hypothalamus
CCGAAAGTGGTGAGCA-1,
CCGAACCTTCCCGGCC-1,globus_pallidus
CCGAAGTATATTGTTC-1,
CCGACAAACACATGAG-1,
CCGACAATAGGCCGCC-1,cortex
CCGACGGGCATGAGGT-1,
CCGAGAAGTCGCATAA-1,cortex
CCGATCTCAACCTTAT-1,caudate_putamen
CCGCACAAAGACCAAC-1,globus_pallidus
CCGCACACGAACGTGT-1,cortex
CCGCACGTGACCTCGG-1,
CCGCATGTGGTACGAT-1,cortex
CCGCCGGTCAACACAC-1,cortex
CCGCCGTTGAGGATAA-1,cortex
CCGCCTGCGAATTGGT-1,cortex
CCGCGGAATGCGTCAC-1,hypothalamus
CCGCGGGTACGAAGAA-1,
CCGCGTAGGTAAGGGC-1,
CCGCTATCAGCACCAG-1,globus_pallidus
CCGCTCTTCCGAACTA-1,cortex
CCGCTTACCTCACTCT-1,thalamus
CCGCTTGCTGACATGG-1,cortex
CCGGAATGGTTTCAGT-1,
CCGGAGCGTACTTTCT-1,hypothalamus
CCGGCACGACCGTTTC-1,cortex
CCGGCGCATATTGGAT-1,cortex
CCGGGACCCGCAGAGA-1,cortex
CCGGGCGGTCTCGTCA-1,caudate_putamen
CCGGGCTGCTCCATAC-1,caudate_putamen
CCGGGTTCGAGGTTAC-1,thalamus
CCGGTAATGGCTAGTC-1,cortex
CCGGTTTGTAATTGTG-1,hypothalamus
CCGTAAGTTGGTCCCA-1,caudate_putamen
CCGTACCCAAGCGCCA-1,cortex
CCGTAGGAAATCCCTG-1,cortex
CCGTAGGGTTGTTTAC-1,cortex
CCGTATCTCGTCGTAG-1,
CCGTGAGGCATTCATG-1,cortex
CCGTGCCCATGACGGC-1,cortex
CCGTGGAACGATCCAA-1,cortex
CCGTGTTAAATTCCAT-1,thalamus
CCGTTACGTTAGAACA-1,cortex
CCGTTCCGAATCTCGG-1,
CCTAAAGGCTGACGCT-1,cortex
CCTAAATTAACGGTTC-1,globus_pallidus
CCTAAATTGTATCCTA-1,cortex
CCTAACCCAAACAAGT-1,caudate_putamen
CCTAACTAAGGCTCTA-1,cortex
CCTACGGCTCAGTCGA-1,
CCTACTGCTTACACTT-1,plexus
CCTAGGCGTAGCGATC-1,caudate_putamen
CCTAGTTAGTCGCATG-1,cortex
CCTATAATGAGTGCCC-1,cortex
CCTATACCGTCCTGTC-1,hypothalamus
CCTATATTTGTCCTGG-1,hypothalamus
CCTATCTATATCGGAA-1,cortex
CCTATGAAGTGGTGCC-1,cortex
CCTATGGGTTACCGTC-1,caudate_putamen
CCTATGTCCACTCCAC-1,cortex
CCTCACCAATCTTGAC-1,cortex
CCTCACCTGAGGGAGC-1,cortex
CCTCACCTTAGCATCG-1,cortex
CCTCCCGACAATCCCT-1,cortex
CCTCCGACAATTCAAG-1,
CCTCCTGTTGTGTCGT-1,cortex
CCTCGAAGTGGACGGG-1,cortex
CCTCGCCAGCAAATTA-1,cortex
CCTCGCGCGATATAGG-1,cortex
CCTCGCGCTGTGCGAT-1,hypothalamus
CCTCGGACCGGGATAG-1,globus_pallidus
CCTCTAATCTGCCAAG-1,corpus_callosum
CCTCTATCGATTAGCA-1,
CCTCTCTCCCATCTAG-1,
CCTCTGGCCTAGACGG-1,cortex
CCTCTGTACTATTCTA-1,hypothalamus
CCTGAACGATATATTC-1,caudate_putamen
CCTGAATATTTACATA-1,corpus_callosum
CCTGACCACCGATGGT-1,globus_pallidus
CCTGCTATTTGAGAAG-1,plexus
CCTGGAAACGTTCTGC-1,cortex
CCTGGCTAGACCCGCC-1,
CCTGGTCGAATGTGGG-1,cortex
CCTGTAAGACATGATA-1,thalamus
CCTGTACTCACGCCCA-1,
CCTGTCACCCGGGCTC-1,caudate_putamen
CCTGTCCCTCACGTTA-1,cortex
CCTGTCGCCCGTAAAT-1,globus_pallidus
CCTGTTTGAAGACACG-1,cortex
CCTTCAGTTAAAGTGA-1,hypothalamus
CCTTCTTGATCCAGTG-1,cortex
CCTTGACCACTTTATT-1,cortex
CCTTTAAGGGAGCACT-1,hypothalamus
CCTTTCAATGAAGAAA-1,cortex
CGAAACATAGATGGCA-1,cortex
CGAAACGCAATTCATG-1,thalamus
CGAACAGTATGGGCGT-1,caudate_putamen
CGAACCCGCATGCGTC-1,hypothalamus
CGAACGCCCAGTGCCG-1,cortex
CGAAGCTATAAATTCA-1,cortex
CGAAGTTGCTCTGTGT-1,
CGACAATTTGATCTAA-1,caudate_putamen
CGACACGCTCCGACAG-1,caudate_putamen
CGACAGTTCGCGTTAT-1,plexus
CGACTCAGGATGTTAT-1,cortex
CGACTTTGTATAGCCT-1,cortex
CGAGACCCTAGAGTGT-1,globus_pallidus
CGAGAGATGTGAACCT-1,caudate_putamen
CGAGAGCTTTCACTAC-1,cortex
CGAGAGGGTAGCCGCG-1,cortex
CGAGATTTCGCTCGGG-1,cortex
CGAGCACTTCAAGTTT-1,
CGAGCGTTGATCAGCC-1,cortex
CGAGCTGGGCTTTAGG-1,cortex
CGAGGAGCTTCCATAT-1,cortex
CGAGGATCGGGAACGA-1,cortex
CGAGGCCAGGCATTGG-1,
CGAGGCTAAATATGGC-1,caudate_putamen
CGAGGGACTGCGGTCG-1,globus_pallidus
CGAGTACTAAAGAGGA-1,thalamus
CGAGTGAAGGTACCAG-1,
CGAGTGCTATAGTTCG-1,cortex
CGAGTTCTGTCCCACC-1,caudate_putamen
CGAGTTTATCGGACTG-1,caudate_putamen
CGATAATACTCAGGTT-1,cortex
CGATACCTCGCGGACA-1,thalamus
CGATAGTCGTACTGCA-1,cortex
CGATCCGACCCAGTGC-1,thalamus
CGATCCTCGCAACATA-1,
CGATCTGTTGGAGGAC-1,
CGATGGACCCTACGCC-1,cortex
CGATTAAATATCTCCT-1,cortex
CGATTCGCCTGGCTGC-1,cortex
CGCAAACACGAGTTAC-1,
CGCAATTACTTTCGGT-1,
CGCAATTAGGGTAATA-1,
CGCAATTCTACAATAA-1,
CGCACATGTCCACTAC-1,caudate_putamen
CGCACGTGCGCTATCA-1,caudate_putamen
CGCAGAAACATTTGCG-1,cortex
CGCAGATCTTCACCCG-1,cortex
CGCAGGCGATCCAAAC-1,cortex
CGCATCCATCAGCCAG-1,cortex
CGCATGCCGAATGCGT-1,cortex
CGCATGGTGCGATGCT-1,globus_pallidus
CGCATTAGCTAATAGG-1,plexus
CGCCATCCGATTATGA-1,corpus_callosum
CGCCCAGCACGCCTAG-1,hypothalamus
CGCCCAGCGTTTCACG-1,cortex
CGCCCGCTTCCGTACA-1,cortex
CGCCCTTGAAGGCTGA-1,
CGCCGCCCATGCCTGT-1,globus_pallidus
CGCCGTCTACCCATCG-1,cortex
CGCCGTTCAGCATAGT-1,cortex
CGCCTCCCTCCTCTAT-1,globus_pallidus
CGCCTGGCCTACGTAA-1,
CGCCTTTAGCATGCTC-1,cortex
CGCGAAGTGGCATACT-1,cortex
CGCGACCGCGACAGAT-1,cortex
CGCGCAAATGTCCAGA-1,
CGCGCATGTTTGATTG-1,hypothalamus
CGCGCCCGACTTAATA-1,cortex
CGCGGCAGTATTACGG-1,
CGCGGCTCAACTTGAA-1,caudate_putamen
CGCGGGAATTAGGCAG-1,caudate_putamen
CGCGGTAAGTCTAGCT-1,cortex
CGCGGTCACAAACCAA-1,cortex
CGCGTTCATGAAATAC-1,plexus
CGCTACGGGACATTTA-1,thalamus
CGCTAGAGACCGCTGC-1,caudate_putamen
CGCTATACCGCCCACT-1,cortex
CGCTATTCAATGTATG-1,
CGCTATTCTTAGGCTC-1,globus_pallidus
CGCTCGACATAATGAT-1,cortex
CGCTCTCCGTAGATTA-1,
CGCTGGTGACTACCCT-1,caudate_putamen
CGCTGTGACGCCGCAC-1,corpus_callosum
CGCTGTGTGGATGTTG-1,hypothalamus
CGCTTAGTATTGATAC-1,
CGCTTATTCCCGGTCG-1,
CGCTTCCACTGAAATC-1,cortex
CGCTTTCATACCGGTG-1,cortex
CGCTTTCTTGCATTCG-1,caudate_putamen
CGGAAAGAATCAAACG-1,hypothalamus
CGGAACGTAAACATAG-1,thalamus
CGGAGCAATTTAATCG-1,hypothalamus
CGGAGCATGGCGATCC-1,globus_pallidus
CGGAGTTTGAGAGACA-1,
CGGATAAGCGGACATG-1,
CGGATCCTCAAGGACT-1,cortex
CGGCAAACATCGTGCG-1,globus_pallidus
CGGCAATAAGATCGCC-1,cortex
CGGCACTCAAGAAAGT-1,
CGGCAGGGTCGGGTTG-1,caudate_putamen
CGGCCACGCACAAAGT-1,globus_pallidus
CGGCCCAACCTGTAGT-1,cortex
CGGCCCAGGTATATCC-1,caudate_putamen
CGGCGCCATCAATCCC-1,cortex
CGGCTCTAAAGCTGCA-1,cortex
CGGCTTTGTATGATAA-1,cortex
CGGGAATATAGTATAC-1,cortex
CGGGAATTTATGTAAA-1,globus_pallidus
CGGGAGCTTCAGTGTA-1,caudate_putamen
CGGGAGTATACCGCCG-1,
CGGGATCAATGTAAGA-1,corpus_callosum
CGGGCAGCTAAACCGC-1,
CGGGCCATAGCCGCAC-1,
CGGGCCTTCTTTGTAA-1,thalamus
CGGGTGTACCCATTTA-1,caudate_putamen
CGGTACTAGAATCAAA-1,globus_pallidus
CGGTAGAGGTGCAGGT-1,cortex
CGGTCAAGTGGGAACC-1,caudate_putamen
CGGTCCGTCGCAAGCC-1,
CGGTCTATCAACCCGT-1,cortex
CGGTGCAGATAGAACG-1,thalamus
CGGTGCGCGTTGGTCC-1,hypothalamus
CGGTGGGCTCCAGCCT-1,cortex
CGGTGTACTTGATCCC-1,
CGGTTATCCAACAGTG-1,cortex
CGGTTCAAGTAGGTGT-1,cortex
CGGTTGACCTGGCATA-1,
CGTAAACGCTTGAGTG-1,
CGTACCTGATAGGCCT-1,corpus_callosum
CGTAGAGAGTAATTAT-1,cortex
CGTAGCGAATTGTCAG-1,cortex
CGTATTAAGAGATCTA-1,
CGTCACGTCCATTGGT-1,thalamus
CGTCAGTGCGCACAAG-1,cortex
CGTCATACCATATCCA-1,
CGTCGCATGTGAGCCA-1,cortex
CGTCGCGGCGGGATTT-1,
CGTCGGATAGTGTTGA-1,caudate_putamen
CGTCGTCCTTCGCGAA-1,cortex
CGTCTGGAAGGGCCCG-1,cortex
CGTCTTGAGTGTGACG-1,cortex
CGTGAAGTTAATTCAC-1,thalamus
CGTGACATTGGGTCGT-1,cortex
CGTGACCAGTCCTCTG-1,
CGTGCAGACTGGGACA-1,globus_pallidus
CGTGCATTGTCGACGC-1,
CGTGCCCTCCCGAAGA-1,globus_pallidus
CGTGCTTCTACCTAAA-1,
CGTGGAAGCCTCGTAC-1,cortex
CGTGGCCGAATATCTA-1,caudate_putamen
CGTGGTACCCAAAGGC-1,
CGTGTCCCATTCGCGA-1,
CGTGTCTCGTTACGAC-1,hypothalamus
CGTGTGTTAAACCCTG-1,cortex
CGTTAAACTAGTTAGG-1,cortex
CGTTAATGTCCCGACG-1,cortex
CGTTAGCTCACAACTG-1,cortex
CGTTCTTCGCACACCT-1,cortex
CGTTGAATACCGCGCT-1,cortex
CGTTGAGCGACCGTCG-1,globus_pallidus
CGTTGCCCGCGTGGGA-1,
CGTTGTAAGATTGATT-1,cortex
CGTTGTTTCAATTCCC-1,
CGTTTAAGCGGAGCAC-1,cortex
CGTTTCACTTCGGGCG-1,cortex
CGTTTCGCTCATTACA-1,plexus
CGTTTGTGTAGAGGGT-1,hypothalamus
CTAAAGGGAAATAGGA-1,globus_pallidus
CTAAATCCGGTGTACA-1,hypothalamus
CTAAATCCTATTCCGG-1,corpus_callosum
CTAACGAAACTTGCTG-1,caudate_putamen
CTAACTGATAATCGCC-1,cortex
CTAACTGGTCCGGTTC-1,hypothalamus
CTAAGGGAATGATTGG-1,globus_pallidus
CTAATTCGCACGCGCT-1,
CTAATTCTCAGATATT-1,cortex
CTAATTTCAACAACAC-1,
CTACAAGAAATAACCC-1,hypothalamus
CTACACTCGCAGATGG-1,cortex
CTACCCTAAGGTCATA-1,caudate_putamen
CTACGACTAGCTATAA-1,
CTACGCACGGAGTACC-1,plexus
CTACGCCATTTCCGAT-1,cortex
CTACTATCATAGGTTT-1,
CTACTATCTTTCAGAG-1,corpus_callosum
CTACTCAAGGTATAGT-1,hypothalamus
CTACTCTAGGCCCGGC-1,
CTACTGCCACCTGACC-1,caudate_putamen
CTAGATGTGAGTGTAA-1,cortex
CTAGATTTACGACGGC-1,globus_pallidus
CTAGCATAGTATAATG-1,caudate_putamen
CTAGCCGATGTTATGA-1,cortex
CTAGCTTAATGGTCCC-1,cortex
CTAGGCGCCCTATCAG-1,caudate_putamen
CTAGGTCTGAAGGAAT-1,cortex
CTAGGTTCGGACGTGA-1,cortex
CTAGTAGAAAGGGATT-1,cortex
CTAGTATTCGGAATTA-1,cortex
CTAGTCACGTCTTAAG-1,globus_pallidus
CTAGTGAAGGACAGGA-1,
CTAGTTACAACCCGGT-1,cortex
CTAGTTGGGCCCGGTA-1,caudate_putamen
CTATAAGAGCCAATCG-1,cortex
CTATAGGCGTTGATGT-1,hypothalamus
CTATCGACGAAATACA-1,caudate_putamen
CTATCGGGTCTCAACA-1,globus_pallidus
CTATGGGAAGCGGAAT-1,cortex
CTATGTCACTAGCCCA-1,caudate_putamen
CTATGTCTATTGAAAC-1,cortex
CTATTCATGTGTCCCA-1,hypothalamus
CTATTTGGTTACGGAT-1,caudate_putamen
CTCAAACCACTGCCCG-1,
CTCAACTAACCCGGAT-1,cortex
CTCACATTTACTAAAT-1,cortex
CTCACTGTGATACTTA-1,cortex
CTCACTTGGCTGGTAA-1,
CTCAGGACTCACCTGT-1,
CTCAGTCACGACAAAT-1,cortex
CTCATGGCTCACAATC-1,cortex
CTCATGGTAATTTGCG-1,
CTCATTGCTCTAACAA-1,cortex
CTCATTTGATGGGCGG-1,corpus_callosum
CTCCCAATGAGTCGCG-1,cortex
CTCCGCCCACATGAGG-1,thalamus
CTCCGGCCTAATATGC-1,cortex
CTCCGGCTTGTAGACA-1,
CTCCTAAGTTATGTCT-1,
CTCCTCCAGCTCACAC-1,hypothalamus
CTCCTTTACGCAAGTC-1,cortex
CTCGAGATCCAAAGCA-1,
CTCGAGGTCGAACAGT-1,caudate_putamen
CTCGATATTTGCGAGC-1,cortex
CTCGCACCTATATAGT-1,caudate_putamen
CTCGCCGAATGTAGGG-1,cortex
CTCGGGATAACACCTA-1,cortex
CTCGGGTTCTCTGGCC-1,
CTCGGTACCACTGCTC-1,globus_pallidus
CTCGGTCCGTAGCCTG-1,cortex
CTCGGTTGTCGGCCCT-1,
CTCGTTTCTAATGTTT-1,cortex
CTCTAATGCATTGATC-1,cortex
CTCTAGCCCTCGGAAA-1,cortex
CTCTATTTGGCTGCAG-1,globus_pallidus
CTCTCACAATCGATGA-1,caudate_putamen
CTCTGCGAAGCAAGCA-1,cortex
CTCTGGACGCCTGGTG-1,caudate_putamen
CTCTGTTTGAGGATTC-1,cortex
CTCTTCTATTGACTGG-1,caudate_putamen
CTCTTCTGGAAGTTAG-1,hypothalamus
CTCTTGTCCCGCTTGG-1,hypothalamus
CTGAAAGAGATCCGAC-1,cortex
CTGAATCCGAGACCTC-1,thalamus
CTGAATTTATTGCCAG-1,cortex
CTGACTGCGCAGCTCG-1,cortex
CTGAGAAAGTTCGGCG-1,cortex
CTGAGCAAGTAACAAG-1,
CTGAGCGAGACTTATT-1,cortex
CTGCACAACTACATAT-1,globus_pallidus
CTGCACCTAGTCCACA-1,cortex
CTGCACCTGGAACCGC-1,cortex
CTGCACTCCAGTACAG-1,cortex
CTGCAGAGAATCAGAG-1,cortex
CTGCCAAGGTTGGAAG-1,cortex
CTGCCATGCATCACAT-1,globus_pallidus
CTGCCTCATATGCAAC-1,cortex
CTGCCTTTCTAGTAAA-1,cortex
CTGCGGGTGAAATGTT-1,
CTGCGTTACGATATAA-1,cortex
CTGCTGAGGCCACGAA-1,hypothalamus
CTGCTGTCTAACGAGC-1,cortex
CTGCTTGGCGATAGCT-1,cortex
CTGCTTTATGTCCGCG-1,cortex
CTGGAAATGGATGCTT-1,plexus
CTGGAAGACACGGTGG-1,caudate_putamen
CTGGATTTACACTTGA-1,hypothalamus
CTGGCATCCGAATGAG-1,
CTGGCGACATAAGTCC-1,cortex
CTGGCGCACAGGTCTG-1,caudate_putamen
CTGGCGGGAATAAGTA-1,
CTGGCTGATTCATCCT-1,caudate_putamen
CTGGCTGGTTGTCAGT-1,hypothalamus
CTGGGATAAATAATGG-1,caudate_putamen
CTGGGATACGCTACCC-1,cortex
CTGGGCCTGCTATATC-1,
CTGGGTAGGCAGTTAA-1,globus_pallidus
CTGGTAACACATAGAA-1,caudate_putamen
CTGGTAACGAGCTCTT-1,cortex
CTGGTTCGCGAGCTAC-1,cortex
CTGGTTTCGAGCAAGA-1,caudate_putamen
CTGTACTTCTTAGCAT-1,thalamus
CTGTAGCCATCTCACT-1,hypothalamus
CTGTATGGTGTAGAAA-1,
CTGTCAAATGGCTCGG-1,cortex
CTGTGCAGGGTAGGTC-1,globus_pallidus
CTGTGGTCGGGAGATA-1,caudate_putamen
CTGTTACCCAATCTAG-1,globus_pallidus
CTGTTCACTGCCTGTG-1,corpus_callosum
CTGTTCATCTCACGGG-1,
CTTAACTTCGAAGTAC-1,cortex
CTTACACGGTATTCCA-1,
CTTACACTGGGAAATA-1,cortex
CTTAGCCTTCCACATG-1,cortex
CTTAGTAGGCCTACAG-1,cortex
CTTAGTGTAGTAGCAT-1,cortex
CTTATGTTGACTACCA-1,
CTTCAACTCCACTTGG-1,cortex
CTTCATAGCTCAAGAA-1,cortex
CTTCATTGTCAGTGGA-1,globus_pallidus
CTTCCGCTCCGTGAAG-1,hypothalamus
CTTCGGCCAATTGTTT-1,cortex
CTTCGTAGATAGGTGA-1,thalamus
CTTCTATGTTGAAGTA-1,
CTTCTATTAATGCTAG-1,hypothalamus
CTTCTTACGTCGTATA-1,cortex
CTTGACCCGAAAGATA-1,cortex
CTTGAGGTTATCCCGA-1,
CTTGAGTTAGGGTAAT-1,caudate_putamen
CTTGCAACCGCCTCCT-1,
CTTGCCCAGGCTCTAC-1,thalamus
CTTGGCCAAGCTGGGA-1,hypothalamus
CTTGTACTTGTTGACT-1,cortex
CTTGTCAACATTCGAG-1,globus_pallidus
CTTGTGCTCACCGATT-1,cortex
CTTGTTGCTGAGTCAA-1,globus_pallidus
CTTGTTTATGTAGCCA-1,
CTTTAACTTTCAAAGG-1,corpus_callosum
CTTTAATATTGGTCGA-1,globus_pallidus
CTTTACCGAATAGTAG-1,caudate_putamen
CTTTAGGAACACTGTT-1,caudate_putamen
CTTTAGTGCTATTATT-1,globus_pallidus
CTTTCTGTGCGGGCTT-1,cortex
CTTTGCATCGCTCTTG-1,cortex
CTTTGCTGTCATGGAT-1,cortex
CTTTGGCGCTTTATAC-1,
CTTTGGCTTTAGTAAA-1,
CTTTGGGATTGTTGCA-1,hypothalamus
GAAACAGATGACCACC-1,caudate_putamen
GAAACAGCCATGCAGT-1,cortex
GAAACCATGGTGCGCT-1,cortex
GAAACCGAATTACCTT-1,thalamus
GAAACCTATACAAATG-1,hypothalamus
GAAACTCGTGCGATGC-1,
GAAACTCTAATGAAGG-1,cortex
GAAAGAACAGCGTTAT-1,caudate_putamen
GAAAGCAGTGCACTTT-1,hypothalamus
GAAAGTGACTAACTGC-1,
GAAATACTAAACGTTT-1,
GAAATATCACCATCAG-1,
GAAATCGCGCGCAACT-1,cortex
GAAATGGCGGTGTTAG-1,
GAAATGGGATGTAAAC-1,
GAAATTAGCACGGATA-1,cortex
GAAATTCACATCGCTG-1,cortex
GAAATTGTCTCTATAA-1,thalamus
GAACACACATCAACCA-1,cortex
GAACAGATTACTAAAT-1,cortex
GAACCCTCTGTGTTCT-1,cortex
GAACCTTTAACGATCC-1,cortex
GAACGACCGAATGATA-1,cortex
GAACGATAAGTTAAAG-1,cortex
GAACGCGGGTCACACG-1,cortex
GAACGTCTCATGGTCG-1,caudate_putamen
GAAGAAACGATATTGT-1,
GAAGAACGGTGCAGGT-1,cortex
GAAGCCTGCACATTCC-1,cortex
GAAGCGTGAGGAATTT-1,caudate_putamen
GAAGCTTGCTGACCGC-1,
GAAGGCTACCATTGTT-1,cortex
GAAGTCAGTTGCACTA-1,hypothalamus
GAAGTCTCCCTAGCGA-1,caudate_putamen
GAAGTGATTTATCGTG-1,thalamus
GAAGTGCTGGATAGCT-1,cortex
GAAGTTTCCACTCAAT-1,thalamus
GAATAGACGCGACCCA-1,caudate_putamen
GAATAGCATTTAGGGT-1,cortex
GAATAGTGCTCGATTA-1,hypothalamus
GAATATTCGGAGTCCC-1,cortex
GAATCGACATGGTCAC-1,corpus_callosum
GAATCGCCGGACACGG-1,cortex
GAATCTGAACATTCTC-1,globus_pallidus
GAATGCCGAAATGACC-1,
GAATGCGAATCGGTTC-1,cortex
GAATGTATGGCAGGTC-1,cortex
GAATGTGGTCCGGATT-1,globus_pallidus
GAATGTTGGGTAATCT-1,corpus_callosum
GAATTATAGTGAAAGG-1,caudate_putamen
GAATTCACCCGGGTGT-1,thalamus
GAATTTCTCGCTGCAG-1,
GACAAACATATGCAGG-1,caudate_putamen
GACAACGACCATTGAA-1,caudate_putamen
GACAACGCAGCTTACG-1,cortex
GACACAAGGGAAGAAA-1,caudate_putamen
GACACGAGTTAGAGGA-1,
GACACTGAGTTCAGTG-1,thalamus
GACACTGGAACCCGAT-1,cortex
GACAGCCAGACCTGAC-1,globus_pallidus
GACAGGCACACACTAT-1,
GACATCGATTTATAAC-1,hypothalamus
GACCAAACGTTGACTG-1,cortex
GACCAGAGCCCTGTAG-1,
GACCCGTCGCCGGCTA-1,cortex
GACCGACGTGAAAGCA-1,cortex
GACCGACTGAAGCGTC-1,
GACCGCGTCTGACGTG-1,cortex
GACCGTCAGGTCGTGA-1,cortex
GACCGTGCTGACGGTG-1,thalamus
GACGACGATCCGCGTT-1,cortex
GACGAGGCTAATAAAC-1,cortex
GACGCCGTAAAGGCTA-1,hypothalamus
GACGCCTGTTGCAGGG-1,
GACGCTTGCTTCTAAA-1,thalamus
GACGGGTTGGCCCGTA-1,hypothalamus
GACGGTCAATAGAAGC-1,cortex
GACGGTCCTAGGGTGT-1,cortex
GACGTGTAGGGATTAT-1,
GACGTTCGTAAATACA-1,cortex
GACTAAGATCATGCAC-1,corpus_callosum
GACTAAGTAGGCTCAC-1,
GACTAGGCCGTTAGGT-1,cortex
GACTCACCCACGTGAG-1,cortex
GACTCCCAGAATAAGG-1,cortex
GACTCGCGGGAATGAC-1,cortex
GACTGCAAATCGAGCT-1,cortex
GACTGCACCAGCCCAG-1,globus_pallidus
GAGACTGATGGGTAGA-1,plexus
GAGACTTCGCGACCGA-1,hypothalamus
GAGAGGGCGCGAGGTT-1,thalamus
GAGAGGTGCATTCTGG-1,
GAGATCTGCTTGGCAT-1,
GAGATCTGTCACTCCG-1,caudate_putamen
GAGATCTTCCATGACA-1,globus_pallidus
GAGATGACAATCCTTA-1,cortex
GAGATGGGAGTCGACA-1,cortex
GAGCACCTGTGTCCAG-1,cortex
GAGCACGGCGCCTCTT-1,cortex
GAGCATCAACAACTTG-1,
GAGCATCATCCCTGGG-1,cortex
GAGCCACGGTAGTAGG-1,cortex
GAGCCAGCTACCTGTG-1,caudate_putamen
GAGCGAGGGAGTACCG-1,cortex
GAGCGCAAATACTCCG-1,cortex
GAGCGCGCACGAGTAG-1,caudate_putamen
GAGCTAAGGGCATATC-1,caudate_putamen
GAGCTCTCGGACCTAA-1,
GAGCTGTCGTCTCGGA-1,cortex
GAGGAATGGAGAGGTT-1,
GAGGATAAACAGTGCT-1,cortex
GAGGCCTGTTGATACA-1,cortex
GAGGGAGTCAGATCGC-1,
GAGGGCGCAGCTCTGC-1,corpus_callosum
GAGGGTAGTAACAAAG-1,
GAGGTACATCCATCTT-1,cortex
GAGGTCCCAAAGATCT-1,
GAGTAAACCGGAAAGT-1,cortex
GAGTACGGGTATACAA-1,cortex
GAGTATGCCCGCCTTG-1,hypothalamus
GAGTATGCGCGTGCAT-1,cortex
GAGTCAGACCAGAATC-1,hypothalamus
GAGTCCGCTTACCGGA-1,globus_pallidus
GAGTGTCAACCAGAAA-1,cortex
GAGTGTGCGGTACCCA-1,caudate_putamen
GATAAATCGGTGGATG-1,cortex
GATAACTCGCACTGTG-1,caudate_putamen
GATACGATGGGAGTCA-1,thalamus
GATAGGATTAATTACA-1,cortex
GATAGGTAACGTTGAC-1,globus_pallidus
GATAGGTGTCCCGGGC-1,cortex
GATATCTCATGCAATA-1,cortex
GATATGAGACACTAAC-1,globus_pallidus
GATATGCGGTAGCCAA-1,cortex
GATATTGAGATTGGCG-1,caudate_putamen
GATATTTCCTACATGG-1,cortex
GATCAACATAAAGGGA-1,hypothalamus
GATCATTCCAAACATT-1,plexus
GATCCCTTTATACTGC-1,caudate_putamen
GATCCGAATATAAGTG-1,cortex
GATCCGGGAATTAACA-1,globus_pallidus
GATCCTAAATCGGGAC-1,cortex
GATCCTCGACACTGGC-1,
GATCGACACTATCTGA-1,
GATCGCGGGCTCTCCA-1,thalamus
GATCGCTACCCGATTT-1,caudate_putamen
GATCGCTATATCTCAG-1,
GATCGGTGGCCATAAC-1,caudate_putamen
GATCGTGACTGATATC-1,globus_pallidus
GATCTCGACGCTGTGG-1,cortex
GATCTTGGAGGGCATA-1,globus_pallidus
GATGCCAGCAGAAGGC-1,
GATGCGTCCTGCATTC-1,globus_pallidus
GATGCTACAAGCGCCT-1,cortex
GATGCTGTATTTCATC-1,globus_pallidus
GATGGCGCACACATTA-1,
GATGTTCAATCCACGA-1,thalamus
GATGTTTGTGCGAGAT-1,
GATTAACCGAAAGCCC-1,caudate_putamen
GATTACTGAATTTGGG-1,thalamus
GATTCCCTTGTCGCAG-1,caudate_putamen
GATTCCGCGTTTCCGT-1,cortex
GATTCCTATACGGCGC-1,
GATTCGACGGTTCACG-1,globus_pallidus
GATTGGGAAAGGTTGT-1,cortex
GCAAACCCTACATTAT-1,globus_pallidus
GCAAACCTTGGCCATA-1,cortex
GCAAACGTCGCCAGGT-1,cortex
GCAACAGCAGTATGCG-1,cortex
GCAACCACCAGACCGG-1,cortex
GCAACCACGGCCGCGT-1,
GCAACGGCTAGTTATG-1,cortex
GCAAGAATTCCTTGGC-1,thalamus
GCAAGTGCACAGAGAA-1,cortex
GCAATTAGTCGCACCG-1,cortex
GCACAAACGAGGCGTG-1,cortex
GCACAAGTGTCGGAAG-1,cortex
GCACACACTGGTAGCC-1,cortex
GCACGCCTACTTAGAT-1,hypothalamus
GCACGTGGTTTACTTA-1,cortex
GCACTAGTCGCGCTAT-1,cortex
GCAGACCCAGCACGTA-1,caudate_putamen
GCAGATCCATAAGACT-1,caudate_putamen
GCAGATTAGGGATATC-1,globus_pallidus
GCAGCACACAGCCCAG-1,thalamus
GCAGCCTATATCACAT-1,cortex
GCAGGACTATAGAATA-1,plexus
GCAGGTAGAGTATGGT-1,cortex
GCAGTGTGGCTATAGG-1,cortex
GCATAGAGCACTCAGG-1,globus_pallidus
GCATCCCTAACTTTGA-1,cortex
GCATCGGCCGTGTAGG-1,cortex
GCATGAGGGACGCGGC-1,caudate_putamen
GCATGCTAATAACGAT-1,cortex
GCATTCAAGGCAACGC-1,cortex
GCATTGTAATTCATAT-1,
GCATTTCCAAGGCTCC-1,cortex
GCCAACCATTTCCGGA-1,cortex
GCCAATAGGGCATCTC-1,cortex
GCCACAATTTAAGGAC-1,thalamus
GCCACTCAGAGCGCGA-1,cortex
GCCAGGAGTAACCGAT-1,cortex
GCCATATTGCACACAG-1,cortex
GCCATCGAGCTGCGTG-1,hypothalamus
GCCATCGATGCTGCAT-1,cortex
GCCCACCAAGGCTGTC-1,cortex
GCCCAGATGCTGGAGA-1,cortex
GCCCAGTTGGTATGCC-1,cortex
GCCCGACTTCTTCCCG-1,
GCCCGATCTGTGGTCG-1,hypothalamus
GCCCGCGCGTAAACGG-1,hypothalamus
GCCCGCGCGTTTGACA-1,cortex
GCCCGTAATACCTTCT-1,caudate_putamen
GCCGAAATTCCTACGT-1,plexus
GCCGACCCACGACTGC-1,
GCCGATTGGCCAAGCT-1,globus_pallidus
GCCGCACTCCGTTTCA-1,cortex
GCCGGGTTAGGGTCGC-1,globus_pallidus
GCCGTGGAAGAAATGT-1,cortex
GCCTAGCGATCTGACC-1,cortex
GCCTATAGTGTCAGGG-1,caudate_putamen
GCCTATTCCGATATAG-1,
GCCTATTTGCTACACA-1,cortex
GCCTCATCTGGAAATA-1,caudate_putamen
GCCTCCGACAATTCAC-1,cortex
GCCTCTATACATAGCA-1,cortex
GCCTTCAGCCCTACCG-1,cortex
GCCTTGTATATGCAGT-1,
GCGAAACGATCGGGAG-1,cortex
GCGAAACTTAACTGGA-1,globus_pallidus
GCGAAGAATCTGACGG-1,cortex
GCGAAGCCATACCCGT-1,caudate_putamen
GCGACATGTAAACATC-1,cortex
GCGACGATAGTTGTAC-1,hypothalamus
GCGAGAAACGGGAGTT-1,
GCGAGAGGCCATGTAA-1,cortex
GCGAGAGTTGCGTCCA-1,cortex
GCGAGCGCATGCTCCC-1,cortex
GCGAGGCCCGAGCAGA-1,thalamus
GCGAGTTCTGCAAAGA-1,globus_pallidus
GCGATTCTGGAAGCAG-1,cortex
GCGATTGTTAACGTTA-1,globus_pallidus
GCGCAAATATATTCAA-1,
GCGCAAGAGCGCGCTG-1,caudate_putamen
GCGCATCCAGTCAGCA-1,cortex
GCGCCGTTCCACGATA-1,globus_pallidus
GCGCCTCCCACTCCGA-1,cortex
GCGCGTCATTGGTACA-1,cortex
GCGCTAATTGAATAGA-1,caudate_putamen
GCGCTATGCCGAGGCA-1,thalamus
GCGCTGATCCAGACTC-1,cortex
GCGCTGCTTTGCATTT-1,cortex
GCGCTTAAATAATTGG-1,cortex
GCGGACCGCGTTGTGG-1,hypothalamus
GCGGAGAGGGAGAACG-1,globus_pallidus
GCGGCAAAGTATTGCC-1,
GCGGCTCTGACGTACC-1,thalamus
GCGGGAACCAGGCCCT-1,cortex
GCGGGCATTACGATGC-1,cortex
GCGGGCGAGCCTTACC-1,hypothalamus
GCGGTCCCTAGACGCA-1,cortex
GCGGTGAACTGCGCTC-1,cortex
GCGGTTCCCTATCATG-1,thalamus
GCGTAAATGGCCATAA-1,cortex
GCGTCCCTAAGACATA-1,hypothalamus
GCGTCGAAATGTCGGT-1,cortex
GCGTCGCCAGGGTGAT-1,hypothalamus
GCGTCTCTGCATTGGG-1,thalamus
GCGTGGTACTGGGTTA-1,caudate_putamen
GCGTTCGGAGACCGGG-1,cortex
GCTAAACCTGAGGTGA-1,
GCTAACTGAAGTCTGA-1,cortex
GCTAAGTAGTTTCTCT-1,caudate_putamen
GCTAATACCGAATGCC-1,cortex
GCTACAATCGAGGATA-1,cortex
GCTACGACTTATTGGG-1,globus_pallidus
GCTACTATAGTAGAGT-1,caudate_putamen
GCTAGACCGTCTACTG-1,caudate_putamen
GCTAGAGTAGAGATGT-1,cortex
GCTAGCACCTGGGCCA-1,cortex
GCTAGCAGGGAGTGGG-1,cortex
GCTAGCTTGAATAGCT-1,hypothalamus
GCTAGGCACCACGGAG-1,caudate_putamen
GCTAGTAGAGCTTGTA-1,globus_pallidus
GCTAGTTTCATTGAGG-1,cortex
GCTATACGTCTCGGAC-1,caudate_putamen
GCTATCATACTCATGG-1,cortex
GCTATCGCGGCGCAAC-1,
GCTCAATCCGTTTATT-1,hypothalamus
GCTCATTACTGCATGT-1,cortex
GCTCCCAGTCGGTCCA-1,cortex
GCTCCGCTCGCTTCAG-1,cortex
GCTCCTGACATACTGG-1,
GCTCGCTCATGTCCAA-1,caudate_putamen
GCTCGGAATTTAAAGC-1,cortex
GCTCTAAACCCTGACG-1,
GCTCTATGTTACGTGC-1,corpus_callosum
GCTCTCGGGTACCGAA-1,
GCTCTTTCCGCTAGTG-1,
GCTGAACTCTCCAGGG-1,cortex
GCTGAGGCGTGAGTAT-1,globus_pallidus
GCTGCACGGTTTCTTA-1,globus_pallidus
GCTGCTAAGTAGTCGA-1,hypothalamus
GCTGCTACTGCGTAGC-1,globus_pallidus
GCTGCTCTCCGGACAC-1,caudate_putamen
GCTGGCATATTCACCT-1,
GCTGGCGGCGCATGCT-1,cortex
GCTGTATTACTGGCCC-1,thalamus
GCTGTTGCTACCGAAC-1,caudate_putamen
GCTTAATGTAACTAAC-1,globus_pallidus
GCTTACGTAGTTAGTA-1,cortex
GCTTATGAAGCAGGAA-1,caudate_putamen
GCTTCCGTCCCTAGAC-1,caudate_putamen
GCTTGATGATAATCAG-1,cortex
GCTTGGATCGATTAGG-1,corpus_callosum
GCTTTCAGAGGAGGTG-1,caudate_putamen
GGAAACCTTGTTGAAT-1,cortex
GGAAACTAAATGGGCC-1,cortex
GGAAAGTGCCCATGCC-1,cortex
GGAACCGTGTAAATTG-1,hypothalamus
GGAACTTTGGCGATTA-1,cortex
GGAATGCGCTAGCGTG-1,caudate_putamen
GGACACAAGTTTACAC-1,cortex
GGACCAACAGGATAAC-1,globus_pallidus
GGACCTCTAGGCCGCC-1,
GGACTCACAAATTAGG-1,cortex
GGACTCGTGAGTGGTC-1,
GGAGAAGTCATTGGCA-1,cortex
GGAGACGACACCTTTG-1,globus_pallidus
GGAGCAACATTTCAAG-1,cortex
GGAGCACCAAGAACTA-1,caudate_putamen
GGAGGCCGAAGTCGTC-1,cortex
GGAGGGCTTGGTTGGC-1,caudate_putamen
GGAGTGCCGCCCTGGA-1,cortex
GGATACTCATGAATTG-1,cortex
GGATCATCCCGTACGC-1,cortex
GGATCCGGAATATACT-1,caudate_putamen
GGATCTTACTGCCCTT-1,
GGATGAAGATCGCTGA-1,caudate_putamen
GGATGACGCGAGTTTA-1,thalamus
GGATGGCTTGAAGTAT-1,
GGATGTCCTTACCGCA-1,caudate_putamen
GGATTCAGTACGGTGG-1,
GGATTCCGCTATACCC-1,cortex
GGATTGCTGTGACTCC-1,cortex
GGATTTCACTTCTATA-1,caudate_putamen
GGCAAAGGCGCCAATA-1,hypothalamus
GGCAAATTACTTTACT-1,thalamus
GGCAAGGCGAAATAGC-1,globus_pallidus
GGCAATAGTCAATGAG-1,caudate_putamen
GGCACTCCACTGGGCA-1,
GGCAGCAAACCTATGC-1,cortex
GGCATACAGGTAGCGG-1,
GGCATATCGGTTCTGC-1,cortex
GGCCCGGAGCATGTCT-1,cortex
GGCCCGTATACCATGC-1,cortex
GGCCCTCACCCACTTA-1,
GGCCGAGACTCTGGTG-1,
GGCCGGCGTCTGCTAT-1,cortex
GGCCGTTTGGGTTTCA-1,hypothalamus
GGCGAAATCTAACTTG-1,caudate_putamen
GGCGCAGGACATCTTC-1,
GGCGCATGAATTGATG-1,thalamus
GGCGCGGAGATCTTTC-1,cortex
GGCGCGTTCGAGTTTA-1,globus_pallidus
GGCGCTCCTCATCAAT-1,
GGCGGAGTAATATTAG-1,
GGCGGTAGGATCATTG-1,caudate_putamen
GGCGGTTTGCCGGTGC-1,
GGCGTAGGGAAAGCTG-1,cortex
GGCGTCCTATCCGCTG-1,
GGCTAAAGGGCGGGTC-1,cortex
GGCTACTATACACTCC-1,hypothalamus
GGCTATTAAGTTGTAT-1,
GGCTCCTCCACCTGTT-1,hypothalamus
GGCTCGCGTTGAGGTA-1,caudate_putamen
GGCTCGTGCCACCAGC-1,cortex
GGCTCTGCTCCAACGC-1,caudate_putamen
GGCTGAAATAGCAAAG-1,globus_pallidus
GGCTGGCTAGCTTAAA-1,
GGCTTTCAATAAGGGT-1,cortex
GGGAACGGGAGGTTAG-1,thalamus
GGGAACGGTTTCAGAT-1,
GGGAAGACGGTCTGTC-1,cortex
GGGAAGGGCTTTCTCA-1,cortex
GGGAATGAGCCCTCAC-1,cortex
GGGACCCGTATATCTT-1,hypothalamus
GGGACTGCATAGATAG-1,caudate_putamen
GGGAGAACTCACAGTA-1,caudate_putamen
GGGAGGATGCCCGAAA-1,thalamus
GGGAGTAATGGCTGGC-1,cortex
GGGAGTTAATGAGGCG-1,caudate_putamen
GGGATGGTCGTAACCG-1,thalamus
GGGATTTACCGCACCT-1,caudate_putamen
GGGCAGAGCAATCGTT-1,hypothalamus
GGGCCCGTCTTAAACA-1,thalamus
GGGCCGGCCGAAGTAC-1,caudate_putamen
GGGCGATATGTGTGAA-1,plexus
GGGCGCAGCGTTACTC-1,cortex
GGGCGGCAAATGAATT-1,hypothalamus
GGGCGGGTTCCCTACG-1,thalamus
GGGCGGTCCTATTGTC-1,
GGGCGTACATTTATAT-1,plexus
GGGCGTCACCACGTAA-1,hypothalamus
GGGCGTCCACTGGCTC-1,cortex
GGGCGTGGTTTCCCAG-1,cortex
GGGCTATGATCGATGG-1,hypothalamus
GGGCTCATCGAACCCA-1,cortex
GGGCTGCCTAGGGCGA-1,caudate_putamen
GGGCTGGTTAGTCGCG-1,
GGGTACCCACGGTCCT-1,
GGGTACTTCATGAACT-1,thalamus
GGGTATGTATGCACTT-1,
GGGTCACCGTGACGGT-1,plexus
GGGTCAGGAGCTAGAT-1,
GGGTCGTGGCAAGTGT-1,cortex
GGGTGACACCTTAACT-1,globus_pallidus
GGGTGCATATGAAAGC-1,cortex
GGGTGTTTCAGCTATG-1,cortex
GGGTTAACATTTGAGT-1,hypothalamus
GGGTTCAGACGAACAA-1,
GGGTTTAGGATAGGAT-1,cortex
GGTAAATGTGCGTTAC-1,cortex
GGTAACCGGGAGGATA-1,
GGTAACTATGTATCTG-1,cortex
GGTACAAACATGCTAT-1,thalamus
GGTACACCAGATTTAT-1,cortex
GGTACCATTAAGACGG-1,cortex
GGTAGAAGACCGCCTG-1,cortex
GGTAGACCGTTGGGCG-1,hypothalamus
GGTAGTGCTCGCACCA-1,caudate_putamen
GGTATAGTGACACATA-1,cortex
GGTATTGCCGAGTTTA-1,
GGTCAAGACTACTTCG-1,cortex
GGTCAGTGGGTCCCAC-1,globus_pallidus
GGTCGGATAAACGGCG-1,cortex
GGTCGGCCAGGAGCTT-1,caudate_putamen
GGTCGGTAATTAGACA-1,cortex
GGTCGGTCGTCCACAG-1,hypothalamus
GGTCTCCGTCCAGGTT-1,cortex
GGTCTCTGAATGGACT-1,hypothalamus
GGTCTGAGAATCTGGA-1,caudate_putamen
GGTGAAGTACAGGGAT-1,thalamus
GGTGAGATGCAGATAA-1,cortex
GGTGATAAGGAGCAGT-1,globus_pallidus
GGTGCGGATAAGTGGC-1,cortex
GGTGCTGGTACACATT-1,thalamus
GGTGGACTGCTCTGGC-1,caudate_putamen
GGTGGAGGTTGATACG-1,cortex
GGTTACCACCCTCGGG-1,thalamus
GGTTACCCGACACTTT-1,cortex
GGTTAGCTATATGTCT-1,caudate_putamen
GGTTAGGCTTGGAGAA-1,
GGTTAGTTACGGCGCC-1,
GGTTCTACTCGTCTGA-1,caudate_putamen
GGTTTAATTACCATCG-1,hypothalamus
GGTTTAATTGAGCAGG-1,cortex
GGTTTACAATCTCAAT-1,caudate_putamen
GGTTTAGCCTTTCTTG-1,caudate_putamen
GGTTTCAATCGGTCAG-1,caudate_putamen
GGTTTGAGTGCTGGAA-1,cortex
GGTTTGTGACCTGAGG-1,cortex
GTAACATCTAAGATAA-1,cortex
GTAACTGCCCAAGGAG-1,
GTAACTTGCGGCAGTC-1,cortex
GTAAGCGGGCAGTCAG-1,corpus_callosum
GTAAGGATTTGTCGGA-1,cortex
GTAAGTAACAGTCTGG-1,globus_pallidus
GTAAGTAGGGTATACC-1,corpus_callosum
GTAAGTCCACACTCTA-1,cortex
GTAATAAAGGGCTCCC-1,cortex
GTAATCTGATTCTTCG-1,hypothalamus
GTACACTTACCTGAAG-1,globus_pallidus
GTACAGAGGCAAGGGT-1,caudate_putamen
GTACGACGGCGCTGCG-1,
GTACGAGATTGCGACA-1,corpus_callosum
GTACGCTTCATTGCAC-1,globus_pallidus
GTACGTTTGCCCGTCA-1,globus_pallidus
GTACTAAGATTTGGAG-1,plexus
GTACTCCTGGGTATGC-1,cortex
GTACTGAGGTCGTAAC-1,cortex
GTACTGCATGAAGCGT-1,cortex
GTACTGGAGTTAGACC-1,caudate_putamen
GTACTTGGGCACTTCT-1,
GTAGACAACCGATGAA-1,cortex
GTAGACGTCGTTACAT-1,cortex
GTAGAGGGAGACAAGT-1,
GTAGCCAAACATGGGA-1,globus_pallidus
GTAGCGGCTATACACT-1,globus_pallidus
GTAGCTCCGGGAGGCT-1,
GTAGCTTCCTCTTGTT-1,caudate_putamen
GTAGGTGATCCGTGTA-1,cortex
GTAGTCGCGGGAATCA-1,globus_pallidus
GTAGTCTACGATATTG-1,cortex
GTAGTTCGAAGGCGAA-1,
GTATAATCTCCCGGAT-1,
GTATAGGACTCAGTAG-1,cortex
GTATCAAACGTTAGCT-1,cortex
GTATCAGCTTGGGTTC-1,
GTATCCTTTGGTAACC-1,cortex
GTATCTTTCATAACCA-1,globus_pallidus
GTATGTGGGTCTAGTT-1,caudate_putamen
GTATTAAGGCGTCTAA-1,
GTATTCTGAGAAACGA-1,thalamus
GTCAAAGTTTACATAG-1,
GTCAACCAGGCCTATA-1,cortex
GTCAAGCGGACTCGGG-1,globus_pallidus
GTCACAAAGTTTCCAA-1,cortex
GTCACTCTCCAAATCT-1,
GTCAGAATAGTCTATG-1,
GTCATCTCCTACAGCT-1,
GTCATGCACCTCCGTT-1,caudate_putamen
GTCATGCGCGAGGGCT-1,cortex
GTCATGGACATGACTA-1,caudate_putamen
GTCATTAGAGCGAACG-1,globus_pallidus
GTCCAATATTTAGCCT-1,
GTCCATTACTGCTACG-1,cortex
GTCCCAACGTAAAGTA-1,caudate_putamen
GTCCCGCGACGTTATG-1,cortex
GTCCGGACCTGAAATT-1,caudate_putamen
GTCCGGCTGAATTGCG-1,plexus
GTCCTACAGGCGGCTC-1,
GTCCTACGAATAGTCT-1,caudate_putamen
GTCGCCGTTGTGTGTT-1,hypothalamus
GTCGCGTAACCCGTTG-1,globus_pallidus
GTCGGATATCTCAGAC-1,
GTCGGATGTAGCGCGC-1,cortex
GTCGGGAAGCAGAAAC-1,cortex
GTCGTACCATCTCGGG-1,globus_pallidus
GTCGTATTGGCGTACA-1,cortex
GTCGTCAATTATAAGG-1,cortex
GTCGTCTGGTTGGCTA-1,cortex
GTCGTGTCTGGTCATC-1,cortex
GTCGTTATTCGCTTAT-1,globus_pallidus
GTCTAGTGAGCCGCTT-1,cortex
GTCTATCTGAGTTTCT-1,thalamus
GTCTATTGGTTCCGGT-1,caudate_putamen
GTCTCAAGGCCCGGCT-1,cortex
GTCTCGACTAAGTTTG-1,cortex
GTCTCGATCTGCTTTC-1,cortex
GTCTGGGCGGTCGAGA-1,thalamus
GTCTTAGTACAGCCGG-1,cortex
GTCTTGAGGAGCAGTG-1,cortex
GTCTTGTAGCTATTCA-1,cortex
GTGAAACGGCGCCACC-1,cortex
GTGAAACGTGCTCCAC-1,cortex
GTGAACTCCCATTCGA-1,cortex
GTGAAGATTTCAAGTG-1,cortex
GTGAAGCCGTATAGTC-1,cortex
GTGACAGCTTCCCACT-1,cortex
GTGACCGCACACTACG-1,caudate_putamen
GTGACCTAAAGAATAA-1,cortex
GTGACGAGGGTGACCC-1,cortex
GTGACGCAGGTTTCAT-1,cortex
GTGACTTCAGTAGTGC-1,thalamus
GTGAGCGTGCTGCACT-1,
GTGAGGACACTTAAGG-1,globus_pallidus
GTGAGGAGCGGTTGAG-1,cortex
GTGAGTGGTACAACGC-1,hypothalamus
GTGATCACTAACGCCT-1,caudate_putamen
GTGATCATAGATCTGC-1,globus_pallidus
GTGATCCTTGTCATGA-1,cortex
GTGATTCGCCGCTCAA-1,thalamus
GTGCAACAAATGTGGC-1,cortex
GTGCACGAAAGTGACT-1,cortex
GTGCCATCACACGGTG-1,thalamus
GTGCCCGTTCGGATTC-1,caudate_putamen
GTGCCGCTTCAAAGGT-1,thalamus
GTGCCTAGCTATGCTT-1,
GTGCGAAATCGAACAC-1,thalamus
GTGCGACAGGGAGTGT-1,caudate_putamen
GTGCGGGTCTCCAAAT-1,cortex
GTGCGTGTATATGAGC-1,globus_pallidus
GTGCTCAAGTACTGTC-1,
GTGCTTACATCAGCGC-1,cortex
GTGGAACCTACATGCG-1,cortex
GTGGACCAACCCGATT-1,
GTGGACGCATTTGTCC-1,cortex
GTGGACGTGCTGAGAC-1,cortex
GTGGAGCATGTCGGCC-1,cortex
GTGGAGTCGGCGGTTG-1,hypothalamus
GTGGCGGTCCCAGCGT-1,
GTGGGCTTAGACACAC-1,
GTGGTATAGTCTGCCG-1,hypothalamus
GTGGTGGCCAAGTGAA-1,globus_pallidus
GTGGTTACTTCTTTCG-1,cortex
GTGGTTTCCGCCTTTC-1,thalamus
GTGTACCTTGGCTACG-1,caudate_putamen
GTGTATATCAGCGGGC-1,cortex
GTGTCGTATAGCGTTC-1,cortex
GTGTGAATAACTTAGG-1,caudate_putamen
GTGTTACTATGCGTCC-1,globus_pallidus
GTTAAAGTAGGACTGG-1,caudate_putamen
GTTAACATCACTTAAA-1,cortex
GTTAACTATGTTGTCA-1,cortex
GTTAAGGGTGCGATGT-1,cortex
GTTAAGTTAGAGTGGG-1,cortex
GTTACAATTGGTGACG-1,
GTTACCTACAACTTGC-1,globus_pallidus
GTTACTTTGGGCCTAG-1,thalamus
GTTAGCCGTAAATCAA-1,cortex
GTTATAATACGGTGAA-1,cortex
GTTATATCAGGAGCCA-1,cortex
GTTATATTATCTCCCT-1,hypothalamus
GTTATTAACGTGGGAG-1,
GTTCACAGGAGTCTAG-1,
GTTCATCGTTTGGCTG-1,cortex
GTTCCAGTCTGACCAT-1,cortex
GTTCGCCATAAGTGCC-1,thalamus
GTTCGCTGAGACGTCT-1,cortex
GTTCGGATCGGGAACA-1,cortex
GTTCGGGCGTACCATT-1,cortex
GTTCGTCTAAAGAACT-1,caudate_putamen
GTTCTTCCCTCGATGT-1,cortex
GTTGAACCGGTTCCAT-1,thalamus
GTTGAGTCCCGCCGGT-1,cortex
GTTGCACGGAGTTTCG-1,corpus_callosum
GTTGCGCTAACATTAC-1,cortex
GTTGGATTCAGTGGCT-1,cortex
GTTGGATTGAGAACAC-1,caudate_putamen
GTTGGATTTGCGTTGG-1,thalamus
GTTGGTCATGCTATCC-1,cortex
GTTGTCGTGTTAGTTG-1,cortex
GTTTACGTTCCATCTG-1,globus_pallidus
GTTTCAAACGAGTTGT-1,cortex
GTTTCATATCGTCGCT-1,
GTTTCCTGGAGGGTGA-1,corpus_callosum
GTTTCTGCAGTCTCCC-1,globus_pallidus
GTTTGACCAAATCCTA-1,plexus
GTTTGGCCCAAGTTAT-1,globus_pallidus
GTTTGGCCGCTCAGCG-1,
GTTTGGGCTTGTGAGC-1,globus_pallidus
GTTTGGGTTTCGCCCG-1,cortex
GTTTGGTAGGGTCAAC-1,hypothalamus
TAAACCCAGGAGGGCA-1,hypothalamus
TAAAGACAACCCTTTA-1,cortex
TAAAGAGCCCGAAACC-1,cortex
TAAAGCGGTATTTCCA-1,hypothalamus
TAAAGCGTTAGGAGAA-1,caudate_putamen
TAAAGCTGCAATAGGG-1,cortex
TAAATGAATCCGTTTC-1,
TAACAAAGGGAGAAGC-1,cortex
TAACAGCGTTTGTGCT-1,hypothalamus
TAACATACAATGTGGG-1,globus_pallidus
TAACATACACGCGATC-1,
TAACCGCCCGCAGTGC-1,cortex
TAACCTACCGTCCGAG-1,cortex
TAACCTAGGGAGTCCA-1,cortex
TAACGCTTTGAGAGCG-1,
TAACTATCGAAGGTCC-1,
TAACTATTACGCCAAA-1,cortex
TAACTCATCCGCGCGG-1,thalamus
TAACTCCATGGAGGCT-1,
TAAGCAGGCGACACGC-1,
TAAGGAACTTGTGGGA-1,cortex
TAAGGCAACATAAGAT-1,caudate_putamen
TAAGGCATAACATCAA-1,hypothalamus
TAAGGCCCGTCACCCT-1,cortex
TAAGGCTGAATCCCTC-1,caudate_putamen
TAAGGGCCTGTCCGAT-1,cortex
TAAGTAACATCTTGAC-1,thalamus
TAAGTCGCCGAGTATC-1,
TAAGTTGCGACGTAGG-1,caudate_putamen
TAATAAACAAGGAGAT-1,cortex
TAATACACAGTAGTAT-1,cortex
TAATAGAACAGAGTTA-1,hypothalamus
TAATAGTGACGACCAG-1,caudate_putamen
TAATATTGAAATTCGC-1,cortex
TAATCGATCCGTACGT-1,cortex
TAATTACGTCAGTAGA-1,cortex
TAATTAGGACATCCGT-1,cortex
TAATTGGAATCGGGAA-1,cortex
TACAACGCACAACTCA-1,thalamus
TACAAGTCTCGTGCAT-1,
TACACCGTCGTTAGTC-1,cortex
TACAGAAACGGTGGGC-1,cortex
TACATAGGCATACACC-1,globus_pallidus
TACATTTCTAACGTGC-1,thalamus
TACCAAATAGCCCAGA-1,cortex
TACCAATAAAGTACCA-1,caudate_putamen
TACCAGAAGTAGGTTC-1,hypothalamus
TACCAGCTAGGTTTAA-1,cortex
TACCGAATAATTGTAA-1,cortex
TACCGCGGACTTGCAG-1,caudate_putamen
TACCGGCTCACTGCCC-1,globus_pallidus
TACCGGTCGTTTCCAT-1,thalamus
TACCGTAGGTTAACTA-1,hypothalamus
TACCGTGCCTCGGACC-1,globus_pallidus
TACCTACTCCCAGTAT-1,cortex
TACCTCACGCTTGTAC-1,cortex
TACCTCAGTTGTCTGT-1,hypothalamus
TACCTGCTGCACTGTG-1,
TACCTTAAGATTTCCC-1,
TACGAACACGACTTCA-1,
TACGACGCTTGCTGCG-1,thalamus
TACGACTGCCTCTTAG-1,globus_pallidus
TACGAGAACTTCACGT-1,plexus
TACGATGTTGATCATC-1,plexus
TACGCAGTTCTTTCCT-1,thalamus
TACGCCATATTCTAAT-1,globus_pallidus
TACGCCGAGGGTACCC-1,hypothalamus
TACGCCTCCATTCCGA-1,hypothalamus
TACGCTATAGAAACCT-1,cortex
TACGGGATGCTAGCAG-1,cortex
TACGTAAAGCGGAGTG-1,cortex
TACGTACTAGTGCTGA-1,hypothalamus
TACGTGCAAGGTTCCT-1,cortex
TACGTGCACTATGCTG-1,
TACGTTTACCGGCAAT-1,thalamus
TACTATGGTTCCTCAG-1,hypothalamus
TACTCCTCTAGTTGAC-1,
TACTCTCCGAACAAAT-1,cortex
TACTCTTACTTTACTG-1,cortex
TACTCTTTCGTCTTCA-1,hypothalamus
TACTGAACAGATTTAG-1,hypothalamus
TACTGCAATCAATTAC-1,cortex
TACTGTTTCTCTGGTA-1,cortex
TACTTGTTAGTAGTCC-1,caudate_putamen
TACTTTACTGAGCCGG-1,corpus_callosum
TAGAAAGGTGGCGCTA-1,caudate_putamen
TAGAATAGCCGATGAA-1,cortex
TAGAATTAAGGGCAAC-1,cortex
TAGACGAAACGCCAAT-1,cortex
TAGACGCCCGTACCGG-1,caudate_putamen
TAGACTACCTAGCGTT-1,caudate_putamen
TAGAGATCATGCAACT-1,
TAGAGCTACGAAGAAC-1,cortex
TAGAGGTTCTACTTGT-1,cortex
TAGAGTCTAAGCGAAC-1,plexus
TAGATATGGACTGGAA-1,hypothalamus
TAGATCCGAAGTCGCA-1,cortex
TAGATGGTTCCTTACT-1,cortex
TAGCAACCTGTCACAA-1,
TAGCAGTATGACTAAA-1,cortex
TAGCCATTTCAAAGTC-1,caudate_putamen
TAGCCGGCGGTCAGCG-1,caudate_putamen
TAGCGTCCCTCGATTG-1,cortex
TAGCGTCCGGTGTGGT-1,cortex
TAGCGTTGGGTCTTAC-1,globus_pallidus
TAGCTAAGTCCGGGAG-1,plexus
TAGCTAGAAGGCATGA-1,hypothalamus
TAGCTAGTGATGATGG-1,hypothalamus
TAGCTCGCCTGATAAC-1,hypothalamus
TAGGCATGTTACGCCA-1,cortex
TAGGCTAAAGTGGCAC-1,cortex
TAGGGAGCTTGGGATG-1,caudate_putamen
TAGGGTGTTTCAAGAG-1,corpus_callosum
TAGGTCCAAGTAAGGA-1,
TAGGTCGCCGGAACTG-1,cortex
TAGGTGACGATAACCT-1,cortex
TAGGTGAGCCCTACTC-1,
TAGGTGCTCGCCTAGC-1,caudate_putamen
TAGGTGTTCCACAGAT-1,cortex
TAGGTTCGAGTTCGTC-1,globus_pallidus
TAGTACCTTAGTGGTC-1,
TAGTAGCTTATACCAG-1,hypothalamus
TAGTCCCGGAGACCAC-1,
TAGTCCGCAGAGAATG-1,thalamus
TAGTCCGTATGCATAA-1,
TAGTCGATCACGGGTT-1,caudate_putamen
TAGTCTAACAACGAGA-1,thalamus
TAGTCTGTGACGTTGC-1,cortex
TAGTCTTTCCGAATTG-1,cortex
TAGTGCCCTCCAGAGT-1,
TAGTGTCAGAAACGGC-1,
TAGTTAAGATAGGATA-1,cortex
TAGTTTATTCTTGCTT-1,cortex
TATAAATCCACAAGCT-1,cortex
TATAAGTGAGGATAGC-1,cortex
TATACACAGACGCCTT-1,globus_pallidus
TATACACGCAAAGTAT-1,cortex
TATACGCGTCATCACT-1,cortex
TATACTCATGCGGCAA-1,
TATAGAGTCGCTTGAA-1,hypothalamus
TATAGATGGTCGCAGT-1,caudate_putamen
TATATAGGGCTTTACG-1,
TATATATCGAGAAATG-1,
TATATCCCTGGGAGGA-1,caudate_putamen
TATATTACAAATGTCG-1,cortex
TATATTCGCGTCGATA-1,cortex
TATCACCCAACCGACC-1,cortex
TATCACTTCGAGTAAC-1,cortex
TATCCAATTGGTTATC-1,cortex
TATCCATATCATGCGA-1,cortex
TATCCGCACCGTCGGG-1,hypothalamus
TATCCTGCATGGGAAT-1,cortex
TATCGATCTATGCATA-1,cortex
TATCGATGATTAAACG-1,corpus_callosum
TATCTACAGAGGTAAT-1,
TATCTACCACAGCGGG-1,globus_pallidus
TATGATCCGGCACGCC-1,cortex
TATGATCTTCTCTTTA-1,cortex
TATGCTCCCTACTTAC-1,caudate_putamen
TATGGATGTGCTACGC-1,plexus
TATGGCCCGGCCTCGC-1,
TATGGGACCGAGCAGG-1,thalamus
TATGGGTACGTATCGT-1,plexus
TATGGTCTGAGTAACA-1,globus_pallidus
TATGGTTAGTGGGAGA-1,caudate_putamen
TATGTAAAGTGCTTAA-1,
TATGTCAAGACCGACT-1,cortex
TATGTCTCATTGTGCC-1,caudate_putamen
TATTAACCTGACCGCG-1,hypothalamus
TATTACCATCCTGCTT-1,caudate_putamen
TATTCAATTCTAATCC-1,caudate_putamen
TATTCCACTCAGCTCG-1,hypothalamus
TATTCCGAGCTGTTAT-1,caudate_putamen
TATTCCTCCGCCCACT-1,
TATTCGTGCCAGAATA-1,caudate_putamen
TATTGACATTTCTGCC-1,cortex
TATTTAGTCTAGATCG-1,cortex
TATTTATACCGAGTAG-1,cortex
TATTTGTTACCCTTTA-1,cortex
TCAAACAACCGCGTCG-1,
TCAAACTTAGATTGTT-1,caudate_putamen
TCAAATTTGAGACTCA-1,cortex
TCAACAAAGATAATTC-1,
TCAACACATTGGGTAA-1,cortex
TCAACATAGCGCCCTA-1,hypothalamus
TCAACCATGTTCGGGC-1,plexus
TCAACGAGGAGACAAA-1,thalamus
TCAACGCAGGAAATAA-1,
TCAACGCGACCGGCAG-1,
TCAACTGCAGAGTCAG-1,cortex
TCAAGAAATACTAGCT-1,cortex
TCAAGGTTACTACACC-1,caudate_putamen
TCACAAACCGAGGTAC-1,cortex
TCACAGATCCTCAAAC-1,
TCACAGCAAACTCGAA-1,hypothalamus
TCACAGGAGAATAAGA-1,hypothalamus
TCACAGGGAATCGCAA-1,globus_pallidus
TCACAGGTTATTGGGC-1,
TCACCCTCTTAAGATT-1,globus_pallidus
TCACCGCTCGGCACTC-1,caudate_putamen
TCACGATGTCCGTGGA-1,
TCACGCATTGTAGATC-1,
TCACGGTCATCGCACA-1,cortex
TCACGTGCCCGATTCA-1,globus_pallidus
TCACTCGTGCAACGGC-1,cortex
TCAGAACCTCCACAGG-1,cortex
TCAGACGCTATAGAAG-1,globus_pallidus
TCAGCAAATGCATCTC-1,caudate_putamen
TCAGCAGTAGGCCCTG-1,hypothalamus
TCAGCCAATCCGTAAA-1,cortex
TCAGGGCGCAAACTCG-1,
TCAGGGTGTAACGTAA-1,caudate_putamen
TCAGGTTCTTTGAGAA-1,
TCAGTACTGACCCGCG-1,
TCAGTAGGGACTATAA-1,thalamus
TCAGTGTATACGTCAT-1,hypothalamus
TCATACTTACAGATCC-1,
TCATCACTCGAGCTCG-1,
TCATCCCAGAGGGTGG-1,cortex
TCATCGATGGTCCCAA-1,
TCATGCAGGTTCTCAT-1,cortex
TCATTTAAGTCTCCGA-1,caudate_putamen
TCATTTAGAAGTGTGA-1,cortex
TCCAACTCAGCTATCT-1,cortex
TCCAACTTTAAATTCT-1,thalamus
TCCAATAAAGGCTACC-1,
TCCACAATGGTTTACG-1,
TCCACCTCTAGCCTTT-1,hypothalamus
TCCACTTTATCTAGGT-1,caudate_putamen
TCCAGAGCACCGGTTC-1,globus_pallidus
TCCAGATGTACGCCAA-1,cortex
TCCAGCGCTATAAGCG-1,cortex
TCCAGGCGAGTACGGT-1,
TCCAGGGTATATACGA-1,cortex
TCCCAAACAGACAACG-1,cortex
TCCCAAAGACGAAGGA-1,caudate_putamen
TCCCAAAGCCCTAAAT-1,cortex
TCCCACTCTCTTCCGG-1,cortex
TCCCAGCTTTAGTCTG-1,
TCCCAGGCTTAGCTAA-1,
TCCCGCCTATGTGCGT-1,cortex
TCCCGCGTACTCCTGG-1,caudate_putamen
TCCCGGGTGTGCTGCT-1,
TCCCGTCAGTCCCGCA-1,corpus_callosum
TCCCGTCGCGTCATAG-1,cortex
TCCCGTGTGCAATTTG-1,globus_pallidus
TCCCTAGATCAATAGG-1,cortex
TCCCTGGCTCGCTGGA-1,
TCCCTTAGATTACTCG-1,cortex
TCCGAATGGTCCTGAG-1,cortex
TCCGATAATTGCCATA-1,cortex
TCCGATGACTGAGCTC-1,cortex
TCCGATGGTGCGACAT-1,plexus
TCCGATTACATTGCCG-1,
TCCGCCTGTCTACAAG-1,cortex
TCCGCGGCAGCATCTG-1,caudate_putamen
TCCGCGGCCCAATGAA-1,cortex
TCCGCTGTCATCCCGG-1,globus_pallidus
TCCGCTTATCCCATTA-1,globus_pallidus
TCCGGCCTAGCGTACA-1,cortex
TCCGGGCTTGACGGGA-1,cortex
TCCGGTTCGTCCGGTC-1,hypothalamus
TCCGTAACCACAATCC-1,
TCCGTTAAGCTAATAT-1,cortex
TCCGTTTAGCCTTGAA-1,caudate_putamen
TCCTAAATTGGGAAGC-1,cortex
TCCTAACCGTCGGGCA-1,hypothalamus
TCCTACATCCACGGCC-1,globus_pallidus
TCCTAGCAAAGAAGCT-1,thalamus
TCCTATCATAGGTAAC-1,cortex
TCCTCGGGCTGGGCTT-1,globus_pallidus
TCCTCTACGAGATGGC-1,
TCCTCTCCAGTTGTCC-1,
TCCTGCGTTGATACTC-1,
TCCTTACGACGGTCCG-1,caudate_putamen
TCCTTCAGTGGTCGAA-1,cortex
TCCTTTAAATCCGCTT-1,cortex
TCCTTTCTTACGCTTA-1,caudate_putamen
TCGAAATTTAGGACCA-1,
TCGAAGAACCGAGCAC-1,caudate_putamen
TCGAATATCCCGCAGG-1,
TCGAGACCAACACCGT-1,thalamus
TCGAGCCAGGCAGGCC-1,hypothalamus
TCGATAGGCTAGTCGC-1,cortex
TCGCAAAGATGCATTT-1,globus_pallidus
TCGCACCAGGAGGCAG-1,caudate_putamen
TCGCATCCCTAAGTGT-1,
TCGCCGAAGTTGCGTC-1,thalamus
TCGCCGACATATTCGC-1,cortex
TCGCCGGTCGATCCGT-1,cortex
TCGCGTAGCAGTGTCC-1,cortex
TCGCGTCCAGAAGGTC-1,
TCGCTAAACCGCTATC-1,cortex
TCGCTACTGGCTTTGA-1,cortex
TCGCTCGATATATTCC-1,caudate_putamen
TCGCTCGGCACCAGCG-1,cortex
TCGCTGGGCGGATTGT-1,caudate_putamen
TCGCTGTGCGTAAATC-1,cortex
TCGCTTTAAACGTTTG-1,cortex
TCGGAATGCGCTCTGA-1,
TCGGACGCCCAGCCCA-1,caudate_putamen
TCGGAGAGTATCGGGA-1,
TCGGAGTACATGAGTA-1,caudate_putamen
TCGGCGAACCCAAACC-1,cortex
TCGGCTTGTATCGACG-1,cortex
TCGGGAACGTGCCTAG-1,cortex
TCGGGAGACAGCGTAC-1,cortex
TCGGGCCGTCGTGGTA-1,caudate_putamen
TCGGGTGAAACTGCTA-1,cortex
TCGTAAGACGACATTG-1,caudate_putamen
TCGTATAGTGCAATTA-1,cortex
TCGTATTACCCATTGC-1,
TCGTCAAGTACGCGCA-1,hypothalamus
TCGTCCGCTGGCGTCT-1,cortex
TCGTCTTAGGCGTTAA-1,caudate_putamen
TCGTGTACTATGGATG-1,globus_pallidus
TCGTGTCACGCTGACA-1,
TCGTGTTCGACCACAA-1,cortex
TCGTTAGGAGTCCCTA-1,hypothalamus
TCGTTCGTTATTATGT-1,cortex
TCGTTGCTATCCGGTC-1,hypothalamus
TCTAATACTGCCTCAG-1,
TCTACCCAATAGAGAG-1,cortex
TCTACCGTCCACAAGC-1,caudate_putamen
TCTAGCAATCTCCGCC-1,
TCTAGCATCTTCGATG-1,cortex
TCTAGCATGCCCAGAA-1,globus_pallidus
TCTAGGTGGCGACGCT-1,cortex
TCTAGTGATATCGTGG-1,caudate_putamen
TCTAGTTATCAGAAGA-1,
TCTATCATGCAGTTAC-1,cortex
TCTATCGGTCGCAACA-1,corpus_callosum
TCTATGCTATAACGAC-1,cortex
TCTATTACGCTGGCGA-1,cortex
TCTCATGAGATAGGGT-1,caudate_putamen
TCTCCAACGTAGGTTA-1,cortex
TCTCCACAAGTTGAAT-1,cortex
TCTCCCTGGGCAGCGT-1,caudate_putamen
TCTCGACGTATCGCCG-1,cortex
TCTCGAGGAGGTTCGC-1,cortex
TCTCGGCTCCAGGACT-1,
TCTCTAATAGCTGGTA-1,cortex
TCTCTTACCGCGAACC-1,
TCTGAACCGGTCGGCT-1,cortex
TCTGAACTCGTACCCG-1,caudate_putamen
TCTGAAGCACGTGGTC-1,caudate_putamen
TCTGAATTCCGTACAA-1,caudate_putamen
TCTGACGGGCTAACCC-1,cortex
TCTGAGCAATTGACTG-1,cortex
TCTGATCGGGTGCTAG-1,cortex
TCTGATGTATTCTGTC-1,caudate_putamen
TCTGATTGGAAATGGA-1,cortex
TCTGCATACCTTGCTT-1,cortex
TCTGCCAGAAACTGCA-1,globus_pallidus
TCTGCGTCCGGTTTCT-1,
TCTGGAGCGTAAGAGT-1,cortex
TCTGGCCGTTCAAGTT-1,cortex
TCTGGGAACCTTTGAA-1,caudate_putamen
TCTGGGTAGCGCTCAT-1,thalamus
TCTGTCATACAAGAGC-1,cortex
TCTGTGCCATCATAGT-1,caudate_putamen
TCTGTTACCCAGCATA-1,hypothalamus
TCTTACAGAGGTACCG-1,cortex
TCTTACCGGAACTCGT-1,cortex
TCTTACGGCATCCGAC-1,
TCTTACTTATGCCTCT-1,caudate_putamen
TCTTAGAGCTCCAATT-1,cortex
TCTTAGAGTGAACTCT-1,caudate_putamen
TCTTCCCATGGGCACA-1,caudate_putamen
TCTTCGAATAGACGTT-1,globus_pallidus
TCTTCGATACCAATAA-1,caudate_putamen
TCTTCTATAACCCGCC-1,cortex
TCTTGATGCGTAGCGA-1,caudate_putamen
TCTTGCTCCCGATACT-1,
TCTTGGTAACACCAAA-1,cortex
TCTTTAAGACTATGAA-1,caudate_putamen
TCTTTAGAGTCTAACA-1,cortex
TCTTTAGCAGGCGAAC-1,cortex
TGAAACTTATGCAAGC-1,cortex
TGAAAGGACCTGACTC-1,caudate_putamen
TGAATACCGACGCGTA-1,cortex
TGAATGAGTGTTTCCC-1,
TGAATGTCAGCCGGCC-1,cortex
TGACAACGCATGTCGC-1,cortex
TGACACTTCTCTTTGC-1,cortex
TGACATCGAGCGGACC-1,caudate_putamen
TGACCCACGTTAGACA-1,
TGACGAATATTTCCCT-1,
TGACGATGCACTAGAA-1,caudate_putamen
TGACTATAATCCTTTC-1,globus_pallidus
TGAGAATGCTTTACCG-1,cortex
TGAGAGATTTACCACG-1,caudate_putamen
TGAGATTAGGCCCTAA-1,cortex
TGAGCCATACAGTCTC-1,thalamus
TGAGCGGAAAGTGTTC-1,cortex
TGAGCTTTAATGACGC-1,cortex
TGAGGAGTGCCAGCTT-1,hypothalamus
TGAGTAAATTAGCGTA-1,globus_pallidus
TGAGTGCCTCTTAAAT-1,thalamus
TGAGTGGTCCGTGACG-1,caudate_putamen
TGAGTTAAAGACATTC-1,cortex
TGATACATTTAGCCGT-1,hypothalamus
TGATCAGGGAACTGCT-1,
TGATCCCAGCATTAGT-1,cortex
TGATCGGTTTGACCCT-1,plexus
TGATCTACGCTGATCT-1,cortex
TGATCTCCGGCGCCAG-1,
TGATGGCTGTTTCTGA-1,cortex
TGATGTCAATTAAGTG-1,cortex
TGATTCCCGGTTACCT-1,
TGATTCGTCTATCACT-1,
TGATTCTGTCGCCGGT-1,hypothalamus
TGATTTATTAGCTGTG-1,thalamus
TGATTTCCTCCTGACG-1,cortex
TGCAACCCATCTGCGG-1,cortex
TGCAAGAATGACGTAA-1,caudate_putamen
TGCAATCTAACACGGT-1,cortex
TGCACTATGTGAGTGC-1,
TGCAGAACTATATCGT-1,
TGCAGAGTACCGAGCA-1,thalamus
TGCAGGATCGGCAAAG-1,corpus_callosum
TGCAGTTTCCTCCCAT-1,caudate_putamen
TGCATATGTCTGTCAC-1,caudate_putamen
TGCATGGATCGGATCT-1,cortex
TGCATGTGGTAATCTA-1,caudate_putamen
TGCCAATGGGTACTCT-1,hypothalamus
TGCCACCTGGCGAAAC-1,cortex
TGCCAGTACGTGGAGA-1,globus_pallidus
TGCCATTACTAAAGAA-1,cortex
TGCCCGTACCGTTAAA-1,globus_pallidus
TGCCGAAAGCGTATTC-1,cortex
TGCCGGATGTACGAGC-1,hypothalamus
TGCCGTGGATCGTCCT-1,cortex
TGCCTAATTGAAGATT-1,cortex
TGCCTGACATCGGTCA-1,
TGCCTGATCAAACGAT-1,cortex
TGCCTTGGCCAGGCAA-1,caudate_putamen
TGCGACACCCTAGTGC-1,thalamus
TGCGACGGCCGAACGT-1,
TGCGAGAATATTACCC-1,hypothalamus
TGCGCAAAGCATTTGG-1,caudate_putamen
TGCGCCGTTAATAACG-1,cortex
TGCGCGATTAACGGAG-1,
TGCGGAGTAAAGGTGC-1,corpus_callosum
TGCGGCATAGTTCAAC-1,cortex
TGCGGTGAAATTTCAT-1,cortex
TGCGTAAGAACCTGAT-1,thalamus
TGCGTGATTGGGTGTC-1,
TGCGTTTGTTGACACT-1,globus_pallidus
TGCTAAGTGTCTATTT-1,caudate_putamen
TGCTCCACAGTTCTTA-1,caudate_putamen
TGCTCGGCGAAACCCA-1,hypothalamus
TGCTCTTGAGAGTTTG-1,cortex
TGCTGGTTGGACAATT-1,cortex
TGCTGTTGAAGAACTC-1,globus_pallidus
TGCTTAGAGAGAATGC-1,
TGCTTCCCAAGCAGTA-1,cortex
TGGAACCACTGACACA-1,cortex
TGGAAGAAGGGAACGT-1,thalamus
TGGAAGACGAACACCA-1,cortex
TGGAAGGATAAAGATG-1,cortex
TGGAATATCCTTGACC-1,cortex
TGGACCAATCTAAGAT-1,cortex
TGGACTGTTCGCTCAA-1,globus_pallidus
TGGAGTGATGCGATGA-1,
TGGATAGAGTAACAGA-1,
TGGCAAACTAAATTAC-1,globus_pallidus
TGGCAACTCGCGCGCC-1,cortex
TGGCAATGGGACGGCG-1,cortex
TGGCAGATTACGATCA-1,globus_pallidus
TGGCAGCAGTAATAGT-1,globus_pallidus
TGGCCAAACTGAAGTA-1,caudate_putamen
TGGCCGTATATTGACC-1,corpus_callosum
TGGCGACTGCTCCAAA-1,hypothalamus
TGGCGATCAAGTTATG-1,hypothalamus
TGGCTACACTCTACCT-1,cortex
TGGCTATGTGACATAC-1,cortex
TGGCTTTGGGTAGACA-1,cortex
TGGGAAATGCCTTTCC-1,
TGGGCAATAGTTGGGT-1,cortex
TGGGCACAAACAGAAC-1,cortex
TGGGCACGTTCTATGG-1,cortex
TGGGCCACAAGAGCGC-1,cortex
TGGGCCCATACTAATT-1,caudate_putamen
TGGGTAAGGTTCCCGC-1,cortex
TGGTAGAATATATGGG-1,caudate_putamen
TGGTATCGGTCTGTAT-1,cortex
TGGTCCCACGCTACGG-1,cortex
TGGTCGATATACCTCT-1,
TGGTTAAGGGCGCTGG-1,cortex
TGGTTCAACGGGTAAT-1,globus_pallidus
TGGTTCGTAGCAAAGG-1,corpus_callosum
TGGTTTAAACGTGGGT-1,cortex
TGTACCTACACGAGGG-1,cortex
TGTACGAACAAATCCG-1,globus_pallidus
TGTAGGAGAAATTTCC-1,caudate_putamen
TGTAGTGATCTATAAT-1,plexus
TGTATAACAGATCCTG-1,caudate_putamen
TGTATCCTTATTCCAT-1,cortex
TGTATGGCGCAGACAG-1,caudate_putamen
TGTCATTTGTTGGGAA-1,cortex
TGTCCACGGCTCAACT-1,cortex
TGTCCCGACATAGCAC-1,cortex
TGTCCTAAGTCACCGC-1,
TGTCTACAGTTTCTGT-1,cortex
TGTGACTACGCCAGTC-1,cortex
TGTGAGACTAGCCCAA-1,cortex
TGTGCCGGTGCCGGAA-1,caudate_putamen
TGTGGCAAAGCGTATG-1,caudate_putamen
TGTGGCTCCCACCAAC-1,cortex
TGTGGTTGCTAAAGCT-1,
TGTGTCGCGAGTTGCA-1,cortex
TGTGTTCGTATCCAAG-1,
TGTTATTGTATGTGGC-1,caudate_putamen
TGTTCCGCTTCCATGA-1,plexus
TGTTCGTATTGCGGTG-1,globus_pallidus
TGTTCTTCCATTGACT-1,
TGTTGCCGTCGTCCCA-1,cortex
TGTTGTCAAGAAGTCT-1,cortex
TGTTTCGGTACTTCTC-1,cortex
TGTTTGAGATCGTCAG-1,cortex
TTAAACCGGTAGCGAC-1,cortex
TTAAACTCGAATTCAT-1,caudate_putamen
TTAACACCTCGAACAT-1,
TTAACCAACCCTCCCT-1,cortex
TTAACGAACAAGCAGT-1,cortex
TTAACGTCGCAAGACC-1,cortex
TTAACTTCAGGTAGGA-1,
TTAAGATAGGATTGAC-1,caudate_putamen
TTAAGCCGACAACTTC-1,cortex
TTAAGCGCCTGACCCA-1,
TTAAGGCCCGTACTTT-1,
TTAAGTATTGTTATCC-1,cortex
TTAATCAGTACGTCAG-1,cortex
TTAATGTAGACCAGGT-1,caudate_putamen
TTAATTGCTTTGGGTG-1,cortex
TTAATTTCAGACGCGG-1,cortex
TTACAACTACGCATCC-1,corpus_callosum
TTACAGACCTAAATGA-1,cortex
TTACATCGTGGCCTGG-1,cortex
TTACATGCCACAACTA-1,caudate_putamen
TTACCATTGATTACCC-1,
TTACCCATTGCCGGGT-1,cortex
TTACCCTAACAGTCCT-1,
TTACCCTAGGGATTGG-1,hypothalamus
TTACCGCCTTAGGGAA-1,
TTACGGATGGTTCGAG-1,caudate_putamen
TTACTAAAGGACTTTA-1,globus_pallidus
TTACTCCGGCCGGGAA-1,caudate_putamen
TTACTCTGGTACGTAC-1,
TTACTGGGATATTTCA-1,thalamus
TTAGAAGAACATGACT-1,globus_pallidus
TTAGAATAAGGGTCGG-1,hypothalamus
TTAGACACGATCGTTG-1,cortex
TTAGACGAGTCACCTC-1,globus_pallidus
TTAGAGTTTAGAAGGA-1,caudate_putamen
TTAGATAGGTCGATAC-1,
TTAGCAACATGGATGT-1,
TTAGCTAATACGATCT-1,cortex
TTAGCTGATTTGCCGT-1,caudate_putamen
TTAGGTCATAACCGAC-1,hypothalamus
TTAGTAAACCTGCTCT-1,cortex
TTAGTAGGGCGGCGGG-1,
TTAGTTATTCGTGGCA-1,caudate_putamen
TTAGTTCAAGTGTTCG-1,cortex
TTATAGGTAATTGTCT-1,cortex
TTATATACGCTGTCAC-1,globus_pallidus
TTATATTTGGCAATCC-1,caudate_putamen
TTATCCAATCGAACTC-1,cortex
TTATCCGGGATCTATA-1,caudate_putamen
TTATCTGTATCATAAC-1,corpus_callosum
TTATGAATGAAAGGGA-1,globus_pallidus
TTATGACAAACTGGAT-1,
TTATGATCTTAACGAA-1,globus_pallidus
TTATTAGAGCGTGTTC-1,globus_pallidus
TTATTAGGGAAGCATC-1,cortex
TTCAAAGTCTCTAGCC-1,globus_pallidus
TTCAACGACCCGACCG-1,cortex
TTCAAGCCGAGCTGAG-1,cortex
TTCAATACTCTGAATC-1,caudate_putamen
TTCACGAAAGGATCAC-1,thalamus
TTCACTCGAGCACCTA-1,cortex
TTCAGCCCTGGTCCAC-1,caudate_putamen
TTCAGCTGGCGTGCCC-1,cortex
TTCATGGCGCAACAGG-1,cortex
TTCCAATCAGAGCTAG-1,cortex
TTCCAATCTGGCTATC-1,hypothalamus
TTCCACACAGATTTGA-1,hypothalamus
TTCCAGACGAGATTTA-1,cortex
TTCCATCGACAGCGTG-1,cortex
TTCCGCAGAGAAATAT-1,cortex
TTCCGCGTGAGGCGAT-1,globus_pallidus
TTCCGGCCTTGAGGCT-1,hypothalamus
TTCCGGTATCTGTGTC-1,cortex
TTCCGGTTACCCACTT-1,caudate_putamen
TTCCTCGAGGGTGTCT-1,cortex
TTCCTCGGACTAACCA-1,caudate_putamen
TTCCTTTCTGTGTTGC-1,
TTCGACAGAGCCCGTG-1,cortex
TTCGACGGGAAGGGCG-1,cortex
TTCGCACTCGCGTGCT-1,corpus_callosum
TTCGCATCCGGAAGCA-1,
TTCGCGCGCCATACGA-1,hypothalamus
TTCGCTAGGAAGTTGT-1,cortex
TTCGCTATCTGACGTG-1,cortex
TTCGGCAACCCGCTGA-1,cortex
TTCGGCTAGAGATGGT-1,
TTCGGGACTAATCGCG-1,globus_pallidus
TTCGGGCGCTAGTCTT-1,hypothalamus
TTCGGTGGAGACGCCC-1,cortex
TTCGTAATCCCAGCGG-1,cortex
TTCGTACTCCAGAACG-1,
TTCGTTCAACGAAGTT-1,cortex
TTCTAACCGAAGCTTA-1,caudate_putamen
TTCTACTTGCGAGGGC-1,
TTCTAGAAAGTCTTAT-1,hypothalamus
TTCTAGGCCAATTGTG-1,cortex
TTCTATGCCTTTCGCA-1,cortex
TTCTGACCGGGCTCAA-1,caudate_putamen
TTCTGCCGCGCCTAGA-1,globus_pallidus
TTCTGCGGGTTAGCGG-1,globus_pallidus
TTCTGCTAGACTCCAA-1,cortex
TTCTTAGTGAACGGTG-1,
TTCTTAGTGGCTCAGA-1,cortex
TTCTTATCCGCTGGGT-1,caudate_putamen
TTCTTGAGCCGCGCTA-1,thalamus
TTCTTGCTAGCATCTC-1,cortex
TTCTTGGAGTAATGAG-1,cortex
TTCTTGTAACCTAATG-1,cortex
TTCTTTGGTCGCGACG-1,cortex
TTGAACGAATCCTTTG-1,
TTGAACGACGTGCTGA-1,cortex
TTGAAGAATTCCCAGG-1,
TTGAATATGGACTTTC-1,caudate_putamen
TTGAATTCACGTGAGG-1,caudate_putamen
TTGACAGGAGCTCCCG-1,caudate_putamen
TTGACATGAACGTGGA-1,thalamus
TTGACCAGGAACAACT-1,cortex
TTGACCATGTTCTCCG-1,corpus_callosum
TTGACCGTGTTAATGA-1,hypothalamus
TTGACGATTCAGCACG-1,cortex
TTGACGCTCCATGAGC-1,caudate_putamen
TTGACTACCATATGGT-1,thalamus
TTGACTATTGTCCGGC-1,caudate_putamen
TTGAGAAGTTTAGCAT-1,caudate_putamen
TTGAGAGTACTGCTAA-1,thalamus
TTGAGCAGCCCACGGT-1,cortex
TTGAGCGCCACGTGAT-1,cortex
TTGAGTCCCGCTGCTG-1,cortex
TTGATAGTCAATACAT-1,cortex
TTGATCTAACTTTGTC-1,
TTGATGTGTAGTCCCG-1,cortex
TTGATTAGCTGTTTCT-1,thalamus
TTGATTATGCAGATGA-1,
TTGCACAATTCAGAAA-1,thalamus
TTGCACGGAGCAGCAC-1,corpus_callosum
TTGCATGCTGATCACG-1,thalamus
TTGCCAAGCAGAACCC-1,cortex
TTGCCATAGCCCGCTC-1,
TTGCCGCTTTCTAGTA-1,cortex
TTGCGGCATCAGAAAG-1,hypothalamus
TTGCGTCGGCCAACCG-1,hypothalamus
TTGCGTGAACGCTTAG-1,cortex
TTGCTCCCATACCGGA-1,corpus_callosum
TTGCTGAAGGAACCAC-1,cortex
TTGCTGATCATGTTCG-1,
TTGCTGCACCTATCCA-1,
TTGGACATGTGGCTTA-1,
TTGGACCATCTGGCAA-1,cortex
TTGGACCTATAACAGT-1,caudate_putamen
TTGGATATCGTCTACG-1,hypothalamus
TTGGATCGACTTCTGG-1,cortex
TTGGATTGGGTACCAC-1,cortex
TTGGCCATCTTGCGCT-1,
TTGGCCTAGAATTTCG-1,cortex
TTGGCGATCCGAATAT-1,cortex
TTGGCTCGCATGAGAC-1,cortex
TTGGGACACTGCCCGC-1,caudate_putamen
TTGGGACGTAAGAGTT-1,cortex
TTGGGCGGCGGTTGCC-1,caudate_putamen
TTGGTATGGCTTGTGT-1,cortex
TTGGTCACACTCGTAA-1,hypothalamus
TTGGTTCGCTCAAAGG-1,cortex
TTGTAAGGACCTAAGT-1,thalamus
TTGTAAGGCCAGTTGG-1,caudate_putamen
TTGTAATCCGTACTCG-1,plexus
TTGTATCACACAGAAT-1,cortex
TTGTCGTTCAGTTACC-1,corpus_callosum
TTGTGAACCTAATCCG-1,caudate_putamen
TTGTGCAGCCACGTCA-1,cortex
TTGTGGCCCTGACAGT-1,cortex
TTGTGGTAGGAGGGAT-1,
TTGTGGTGGTACTAAG-1,cortex
TTGTGTATGCCACCAA-1,hypothalamus
TTGTGTTTCCCGAAAG-1,hypothalamus
TTGTTAGCAAATTCGA-1,cortex
TTGTTCAGTGTGCTAC-1,caudate_putamen
TTGTTGTGTGTCAAGA-1,caudate_putamen
TTGTTTCACATCCAGG-1,hypothalamus
TTGTTTCATTAGTCTA-1,
TTGTTTCCATACAACT-1,
